Motif Name,New Symbol,Entrez ID
V$PARP_Q3_M01211,PARP,11545
V$PARP_Q4_M02027,PARP,11545
V$DAX1_01_M01248,DAX1,11614
V$AHR_01_M00139,AHR,11622
V$AHR_Q5_M00778,AHR,11622
V$AHR_Q6_M01855,AHR,11622
V$AHRARNT_01_M00235,AHRARNT,11622
V$AHRARNT_02_M00237,AHRARNT,11622
Alx3.1,ALX3,11694
ALX3_homeodomain_full_dimeric_13_1,ALX3,11694
ALX3_homeodomain_full_monomeric_10_1,ALX3,11694
V$ALX3_01_M01355,ALX3,11694
V$ALX3_02_M02943,ALX3,11694
V$AIRE_01_M00999,AIRE,11634
V$AIRE_02_M01000,AIRE,11634
Ar_MA0007.1,AR,11835
AR_nuclearreceptor_full_dimeric_17_1,AR,11835
V$AR_01_M00481,AR,11835
V$AR_02_M00953,AR,11835
V$AR_03_M00956,AR,11835
V$AR_04_M01201,AR,11835
V$AR_Q2_M00447,AR,11835
V$AR_Q6_01_M01996,AR,11835
V$AR_Q6_M00962,AR,11835
Phox2a.1,PHOX2A,11859
PHOX2A_homeodomain_DBD_dimeric_11_1,PHOX2A,11859
V$PMX2A_01_M01444,PMX2A,11859
Arnt_MA0004.1,ARNT,11863
V$ARNT_01_M00236,ARNT,11863
V$ARNT_02_M00539,ARNT,11863
ARNTL_bHLH_DBD_dimeric_10_1,ARNTL,11865
Ascl2.1,ASCL2,17173
Ascl2.2,ASCL2,17173
Ascl2_bHLH_DBD_dimeric_10_1,ASCL2,17173
V$ASCL2_03_M02737,ASCL2,17173
V$ASCL2_04_M02841,ASCL2,17173
V$ATF_01_M00017,ATF,100040260
V$ATF_B_M00338,ATF,100040260
Atf1.1,ATF1,100040260
Atf1.2,ATF1,100040260
V$ATF1_03_M02738,ATF1,100040260
V$ATF1_04_M02842,ATF1,100040260
V$ATF1_Q6_01_M01861,ATF1,100040260
V$ATF1_Q6_M00691,ATF1,100040260
V$ATF3_Q6_01_M01863,ATF3,11910
V$ATF3_Q6_M00513,ATF3,11910
Atoh1_bHLH_DBD_dimeric_10_1,ATOH1,11921
V$MATH1_Q2_M01716,MATH1,11921
V$BACH1_01_M00495,BACH1,12013
Bapx1.1,BAPX1,12020
V$NKX32_01_M01181,NKX32,12020
V$NKX32_02_M01482,NKX32,12020
NKX3-2_homeodomain_DBD_monomeric_9_1,NKX3-2,12020
Nkx3-2_MA0122.1,NKX3-2,12020
V$BCL6_01_M01183,BCL6,12053
V$BCL6_02_M01185,BCL6,12053
V$BCL6_Q3_01_M02085,BCL6,12053
V$BCL6_Q3_M01171,BCL6,12053
V$BLIMP1_Q6_M01066,BLIMP1,12142
PRDM1_C2H2_full_monomeric-or-dimeric_15_1,PRDM1,12142
V$BRCA_01_M01082,BRCA,12189
BRCA1_MA0133.1,BRCA1,12189
V$AML3_Q6_M01856,AML3,12393
V$OSF2_Q6_M00731,OSF2,12393
RUNX2_RUNX_DBD_dimeric_16_1,RUNX2,12393
RUNX2_RUNX_DBD_dimeric_18_1,RUNX2,12393
RUNX2_RUNX_DBD_monomeric_9_1,RUNX2,12393
V$AML_Q6_M00769,AML,12394
V$AML1_01_M00271,AML1,12394
V$AML1_Q4_M01658,AML1,12394
V$AML1_Q5_M02084,AML1,12394
V$AML1_Q6_M00751,AML1,12394
RUNX1_MA0002.1,RUNX1,12394
RUNX1_MA0002.2,RUNX1,12394
V$RUNX1_01_M02257,RUNX1,12394
V$AML2_01_M01759,AML2,12399
V$AML2_Q3_01_M01854,AML2,12399
V$AML2_Q3_M01814,AML2,12399
RUNX3_RUNX_DBD_dimeric_16_1,RUNX3,12399
RUNX3_RUNX_DBD_dimeric_18_1,RUNX3,12399
RUNX3_RUNX_full_monomeric_10_1,RUNX3,12399
V$CDC5_01_M00478,CDC5,71702
V$CDX_Q5_M00991,CDX,12590
Cdx1.1,CDX1,12590
CDX1_homeodomain_DBD_monomeric_9_1,CDX1,12590
V$CDX1_01_M01373,CDX1,12590
V$CDX1_Q5_M02086,CDX1,12590
Cdx2.1,CDX2,12591
CDX2_homeodomain_DBD_monomeric_9_1,CDX2,12591
V$CDX2_01_M01449,CDX2,12591
V$CDX2_Q5_01_M01659,CDX2,12591
V$CDX2_Q5_02_M02087,CDX2,12591
V$CDX2_Q5_M00729,CDX2,12591
V$CEBP_01_M00159,CEBP,12606
V$CEBP_C_M00201,CEBP,12606
V$CEBP_Q2_01_M00912,CEBP,12606
V$CEBP_Q2_M00190,CEBP,12606
V$CEBP_Q3_M00770,CEBP,12606
Cebpa_MA0102.1,CEBPA,12606
CEBPA_MA0102.2,CEBPA,12606
V$CEBPA_01_M00116,CEBPA,12606
V$CEBPA_Q6_M01866,CEBPA,12606
CEBPB_bZIP_full_dimeric_10_1,CEBPB,12608
V$CEBPB_01_M00109,CEBPB,12608
V$CEBPB_02_M00117,CEBPB,12608
V$CEBPB_Q6_M01896,CEBPB,12608
CEBPD_bZIP_DBD_dimeric_10_1,CEBPD,12609
V$CEBPD_Q6_M00621,CEBPD,12609
CEBPE_bZIP_DBD_dimeric_10_1,CEBPE,110794
V$CEBPE_01_M01772,CEBPE,110794
V$CEBPE_Q6_M01868,CEBPE,110794
CEBPG_bZIP_full_dimeric_10_1,CEBPG,12611
V$CEBPG_Q6_01_M01869,CEBPG,12611
V$CEBPG_Q6_M00622,CEBPG,12611
CENPB_CENPB_full_monomeric_15_1,CENPB,12616
V$CREB_01_M00039,CREB,12912
V$CREB_02_M00113,CREB,12912
V$CREB_Q2_01_M00916,CREB,12912
V$CREB_Q2_M00177,CREB,12912
V$CREB_Q3_M00801,CREB,12912
V$CREB_Q4_01_M00917,CREB,12912
V$CREB_Q4_M00178,CREB,12912
CREB1_MA0018.1,CREB1,12912
CREB1_MA0018.2,CREB1,12912
V$CREB1_01_M02279,CREB1,12912
V$CREBATF_Q6_M00981,CREBATF,12912
V$ATF2_Q5_M01862,ATF2,11909
V$CREBP1_01_M00040,CREBP1,11909
V$CREBP1_Q2_M00179,CREBP1,11909
V$CREBP1CJUN_01_M00041,CREBP1CJUN,11909
V$CREM_Q6_M01820,CREM,12916
Crx.1,CRX,12951
V$CRX_02_M01436,CRX,12951
V$CRX_Q4_01_M01712,CRX,12951
V$CRX_Q4_M00623,CRX,12951
V$OTX3_01_M01403,OTX3,12951
V$NKX25_01_M00240,NKX25,18091
V$NKX25_02_M00241,NKX25,18091
V$NKX25_03_M01414,NKX25,18091
V$NKX25_Q5_M01043,NKX25,18091
V$NKX25_Q6_M02108,NKX25,18091
Nkx2-5.1,NKX2-5,18091
Nkx2-5_MA0063.1,NKX2-5,18091
V$CTF1_01_M01196,CTF1,13019
DBP_bZIP_full_dimeric_12_1,DBP,13170
V$DBP_Q6_01_M01872,DBP,13170
V$DBP_Q6_M00624,DBP,13170
V$CHOP_01_M00249,CHOP,13198
Dlx1.1,DLX1,13390
DLX1_homeodomain_DBD_monomeric_10_1,DLX1,13390
Dlx1_homeodomain_DBD_monomeric_8_1,DLX1,13390
V$DLX1_01_M01439,DLX1,13390
Dlx2.1,DLX2,13392
Dlx2_homeodomain_DBD_monomeric_8_1,DLX2,13392
V$DLX2_01_M01468,DLX2,13392
Dlx3.1,DLX3,13393
DLX3_homeodomain_DBD_monomeric_8_1,DLX3,13393
V$DLX3_01_M01400,DLX3,13393
V$DLX3_02_M02051,DLX3,13393
Dlx4.1,DLX4,13394
DLX4_homeodomain_DBD_monomeric_8_1,DLX4,13394
V$DLX7_01_M01486,DLX7,13394
Dlx5.1,DLX5,13395
DLX5_homeodomain_FL_monomeric_8_1,DLX5,13395
V$DLX5_01_M01388,DLX5,13395
DLX6_homeodomain_DBD_monomeric_8_1,DLX6,13396
V$DMRT1_01_M01146,DMRT1,50796
V$DR1_Q3_M00762,DR1,13486
Arid3a.1,ARID3A,13496
Arid3a.2,ARID3A,13496
ARID3A_MA0151.1,ARID3A,13496
V$ARID3A_02_M02839,ARID3A,13496
V$ARID3A_04_M02735,ARID3A,13496
V$DRI1_01_M01654,ARID3A,13496
V$E2F_01_M00024,E2F,13555
V$E2F_02_M00050,E2F,13555
V$E2F_03_M00516,E2F,13555
V$E2F_Q2_M00803,E2F,13555
V$E2F_Q3_01_M00918,E2F,13555
V$E2F_Q3_M00425,E2F,13555
V$E2F_Q4_01_M00919,E2F,13555
V$E2F_Q4_02_M00939,E2F,13555
V$E2F_Q4_M00426,E2F,13555
V$E2F_Q6_01_M00920,E2F,13555
V$E2F_Q6_M00427,E2F,13555
E2F1_E2F_DBD_dimeric_12_1,E2F1,13555
E2F1_E2F_DBD_monomeric_14_1,E2F1,13555
E2F1_E2F_DBD_monomeric_14_2,E2F1,13555
E2F1_MA0024.1,E2F1,13555
V$E2F1_01_M01250,E2F1,13555
V$E2F1_02_M01251,E2F1,13555
V$E2F1_Q3_01_M00938,E2F1,13555
V$E2F1_Q3_M00428,E2F1,13555
V$E2F1_Q4_M00430,E2F1,13555
V$E2F1_Q6_01_M00940,E2F1,13555
V$E2F1_Q6_M00431,E2F1,13555
E2F2.1,E2F2,242705
E2F2.2,E2F2,242705
E2F2_E2F_DBD_dimeric_16_1,E2F2,242705
E2F2_E2F_DBD_dimeric_18_1,E2F2,242705
V$E2F2_03_M02742,E2F2,242705
V$E2F2_04_M02846,E2F2,242705
E2F3.1,E2F3,13557
E2F3.2,E2F3,13557
E2F3_E2F_DBD_dimeric_18_2,E2F3,13557
E2F3_E2F_DBD_dimeric_18_3,E2F3,13557
V$E2F3_03_M02743,E2F3,13557
V$E2F3_Q6_M02089,E2F3,13557
E2F4_E2F_DBD_dimeric_12_2,E2F4,104394
V$E2F4_04_M02847,E2F4,104394
V$E2F4_Q6_M02090,E2F4,104394
V$E2F6_01_M01252,E2F6,50496
V$E4F1_Q6_01_M02091,E4F1,13560
V$E4F1_Q6_M00694,E4F1,13560
V$COE1_Q6_M01871,COE1,13591
V$EBF_Q6_M00977,EBF,13591
EBF1_EBF_full_dimeric_14_1,EBF1,13591
EBF1_MA0154.1,EBF1,13591
V$EBF1_01_M02267,EBF1,13591
V$OLF1_01_M00261,OLF1,13591
V$EGR_Q6_M00807,EGR,13653
Egr1.1,EGR1,13653
Egr1.2,EGR1,13653
EGR1_C2H2_full_monomeric_14_1,EGR1,13653
Egr1_C2H2_mouse-DBD_mutant_DBD_monomeric_16_1,EGR1,13653
Egr1_MA0162.1,EGR1,13653
V$EGR1_01_M00243,EGR1,13653
V$EGR1_02_M01972,EGR1,13653
V$EGR1_04_M02848,EGR1,13653
V$EGR1_06_M02744,EGR1,13653
V$EGR1_Q6_M01873,EGR1,13653
Zif268.1,ZIF268,13653
EGR2_C2H2_DBD_monomeric_11_1,EGR2,13654
EGR2_C2H2_full_monomeric_15_1,EGR2,13654
V$EGR2_01_M00246,EGR2,13654
V$EGR2_Q6_M02092,EGR2,13654
Egr3_C2H2_DBD_monomeric_15_1,EGR3,13655
V$EGR3_01_M00245,EGR3,13655
EGR4_C2H2_DBD_monomeric_16_2,EGR4,13656
V$NGFIC_01_M00244,NGFIC,13656
V$ELF_02_M02053,ELF,13709
ELF1_ETS_full_monomeric_12_1,ELF1,13709
V$ELF1_01_M01975,ELF1,13709
V$ELF1_Q5_M01266,ELF1,13709
V$ELF1_Q6_M00746,ELF1,13709
Elf2.1,ELF2,69257
V$ELF2_02_M02054,ELF2,69257
V$NERF_01_M01976,NERF,69257
V$NERF_Q2_M00531,NERF,69257
Elf3.1,ELF3,13710
Elf3.2,ELF3,13710
Elf3.3,ELF3,13710
ELF3_ETS_DBD_monomeric_12_1,ELF3,13710
ELF3_ETS_full_monomeric_13_1,ELF3,13710
V$ESE1_01_M01977,ESE1,13710
V$ESE1_02_M02055,ESE1,13710
V$ESE1_Q3_M01214,ESE1,13710
Elf4.1,ELF4,56501
ELF4_ETS_full_monomeric_12_1,ELF4,56501
V$ELF4_01_M01979,ELF4,56501
V$ELF4_02_M02056,ELF4,56501
V$ELF4_04_M02850,ELF4,56501
Elk1.1,ELK1,13712
ELK1_ETS_full_dimeric_17_1,ELK1,13712
ELK1_ETS_full_monomeric_10_1,ELK1,13712
ELK1_MA0028.1,ELK1,13712
V$ELK1_01_M00007,ELK1,13712
V$ELK1_02_M00025,ELK1,13712
V$ELK1_03_M01163,ELK1,13712
V$ELK1_04_M01165,ELK1,13712
V$ELK1_05_M01981,ELK1,13712
V$ELK1_06_M02059,ELK1,13712
Elk3.1,ELK3,13713
Elk3_ETS_DBD_monomeric_10_1,ELK3,13713
V$NET_01_M01982,NET,13713
V$NET_02_M02060,NET,13713
Elk4.1,ELK4,13714
ELK4_ETS_DBD_monomeric_10_1,ELK4,13714
ELK4_MA0076.1,ELK4,13714
EMX1_homeodomain_DBD_dimeric_14_1,EMX1,13796
EMX1_homeodomain_DBD_monomeric_10_1,EMX1,13796
Emx2.1,EMX2,13797
EMX2_homeodomain_DBD_dimeric_14_1,EMX2,13797
EMX2_homeodomain_DBD_monomeric_10_1,EMX2,13797
V$EMX2_01_M01461,EMX2,13797
En1.1,EN1,13798
EN1_homeodomain_DBD_monomeric_10_1,EN1,13798
EN1_homeodomain_full_dimeric_14_1,EN1,13798
EN1_homeodomain_full_monomeric_8_1,EN1,13798
En1_MA0027.1,EN1,13798
V$EN1_01_M00396,EN1,13798
V$EN1_02_M01365,EN1,13798
En2.1,EN2,13799
EN2_homeodomain_full_monomeric_10_1,EN2,13799
V$EN2_01_M01455,EN2,13799
V$P300_01_M00033,P300,328572
V$HIF2A_01_M01249,HIF2A,13819
V$EAR2_Q2_M01728,EAR2,13864
Nr2f6_nuclearreceptor_DBD_dimeric_15_1,NR2F6,13864
NR2F6_nuclearreceptor_full_dimeric_14_1,NR2F6,13864
ERF_ETS_DBD_monomeric_10_1,ERF,13875
V$ERF_01_M01984,ERF,13875
V$ERF_02_M02061,ERF,13875
Erg.1,ERG,13876
ERG_ETS_full_dimeric_14_1,ERG,13876
ERG_ETS_full_monomeric_10_1,ERG,13876
V$ERG_01_M01752,ERG,13876
V$ERG_02_M01985,ERG,13876
V$ERG_03_M02062,ERG,13876
V$ER_Q6_02_M00959,ER,13982
V$ER_Q6_M00191,ER,13982
V$ERALPHA_01_M01801,ERALPHA,13982
ESR1_MA0112.1,ESR1,13982
ESR1_MA0112.2,ESR1,13982
ESR1_nuclearreceptor_DBD_dimeric_17_1,ESR1,13982
V$ESR1_01_M02261,ESR1,13982
V$ERBETA_Q5_M01875,ERBETA,13983
ESR2_MA0258.1,ESR2,13983
V$ESR2_01_M02377,ESR2,13983
V$ERR2_01_M01589,ERR2,26380
Esrrb_MA0141.1,ESRRB,26380
ESRRB_nuclearreceptor_DBD_monomeric_11_1,ESRRB,26380
V$ERR3_Q2_01_M02094,ERR3,26381
V$ERR3_Q2_M02000,ERR3,26381
ESRRG_nuclearreceptor_full_dimeric_17_1,ESRRG,26381
ESRRG_nuclearreceptor_full_dimeric_18_1,ESRRG,26381
ESRRG_nuclearreceptor_full_monomeric_10_1,ESRRG,26381
V$CETS1_01_M01986,CETS1,23871
V$CETS1_02_M02063,CETS1,23871
V$CETS1_Q6_M01870,CETS1,23871
V$CETS1P54_01_M00032,CETS1P54,23871
V$CETS1P54_02_M00074,CETS1P54,23871
V$CETS1P54_03_M01078,CETS1P54,23871
Ets1.1,ETS1,23871
ETS1_ETS_full_dimeric_18_1,ETS1,23871
ETS1_ETS_full_monomeric_10_1,ETS1,23871
ETS1_MA0098.1,ETS1,23871
V$ETS1_B_M00339,ETS1,23871
V$CETS2_01_M01989,CETS2,23872
V$CETS2_02_M02064,CETS2,23872
V$ETS2_Q6_M01207,ETS2,23872
V$ER81_01_M01987,ER81,14009
V$ER81_02_M02065,ER81,14009
Etv1.1,ETV1,14009
ETV1_ETS_DBD_monomeric_10_1,ETV1,14009
V$ER71_01_M01988,ER71,14008
V$ER71_02_M02067,ER71,14008
ETV2_ETS_DBD_monomeric_11_1,ETV2,14008
Etv3.1,ETV3,27049
ETV3_ETS_DBD_monomeric_10_1,ETV3,27049
V$ETV3_01_M01990,ETV3,27049
V$ETV3_02_M02068,ETV3,27049
Etv4.1,ETV4,18612
ETV4_ETS_DBD_monomeric_10_1,ETV4,18612
V$PEA3_01_M01991,PEA3,18612
V$PEA3_02_M02066,PEA3,18612
V$PEA3_Q6_M00655,PEA3,18612
V$ERM_01_M01992,ERM,104156
V$ERM_02_M02069,ERM,104156
Etv5.1,ETV5,104156
ETV5_ETS_DBD_monomeric_10_1,ETV5,104156
Etv6.1,ETV6,14011
ETV6_ETS_full_dimeric_15_1,ETV6,14011
ETV6_ETS_full_monomeric_10_1,ETV6,14011
V$TEL1_01_M01993,TEL1,14011
V$TEL1_02_M02070,TEL1,14011
Evi1_MA0029.1,EVI1,14013
V$EVI1_01_M00078,EVI1,14013
V$EVI1_02_M00079,EVI1,14013
V$EVI1_03_M00080,EVI1,14013
V$EVI1_04_M00081,EVI1,14013
V$EVI1_05_M00082,EVI1,14013
V$EVI1_06_M00011,EVI1,14013
V$EVI1_Q3_M02002,EVI1,14013
Evx1.1,EVX1,14028
EVX1_homeodomain_DBD_monomeric_10_1,EVX1,14028
V$EVX1_01_M01475,EVX1,14028
V$FAC1_01_M00456,FAC1,207165
V$GAF_Q6_M01209,GAF,14180
FOXG1_forkhead_DBD_dimeric_17_1,FOXG1,15228
Foxg1_forkhead_DBD_monomeric_7_1,FOXG1,15228
FOXG1_forkhead_DBD_putatively-multimeric_12_1,FOXG1,15228
V$HFH8_01_M00294,HFH8,15227
FOXF2_MA0030.1,FOXF2,14238
V$FREAC2_01_M00290,FREAC2,14238
Foxc1_forkhead_DBD_dimeric_11_1,FOXC1,17300
FOXC1_forkhead_DBD_dimeric_13_1,FOXC1,17300
FOXC1_forkhead_DBD_dimeric_14_1,FOXC1,17300
FOXC1_forkhead_DBD_monomeric_11_1,FOXC1,17300
Foxc1_forkhead_DBD_monomeric_7_1,FOXC1,17300
FOXC1_MA0032.1,FOXC1,17300
V$FREAC3_01_M00291,FREAC3,17300
FOXD1_MA0031.1,FOXD1,15229
V$FREAC4_01_M00292,FREAC4,15229
FOXI1_forkhead_full_dimeric_17_1,FOXI1,14233
FOXI1_forkhead_full_monomeric_7_1,FOXI1,14233
FOXI1_MA0042.1,FOXI1,14233
V$HFH3_01_M00289,HFH3,14233
Foxl1.1,FOXL1,14241
Foxl1.2,FOXL1,14241
FOXL1_forkhead_full_dimeric_13_1,FOXL1,14241
FOXL1_forkhead_full_monomeric_7_1,FOXL1,14241
FOXL1_MA0033.1,FOXL1,14241
V$FOXL1_02_M02857,FOXL1,14241
V$FOXL1_04_M02753,FOXL1,14241
V$FREAC7_01_M00293,FREAC7,14241
Foxj1.1,FOXJ1,15223
Foxj1.2,FOXJ1,15223
V$FOXJ1_03_M02750,FOXJ1,15223
V$FOXJ1_04_M02854,FOXJ1,15223
V$HFH4_01_M00742,HFH4,15223
FOXC2_forkhead_DBD_dimeric_11_1,FOXC2,14234
FOXC2_forkhead_DBD_dimeric_14_1,FOXC2,14234
FOXC2_forkhead_DBD_monomeric_12_1,FOXC2,14234
V$FOXM1_01_M00630,FOXM1,14235
FOXD2_forkhead_DBD_dimeric_14_1,FOXD2,17301
FOXD2_forkhead_DBD_monomeric_7_1,FOXD2,17301
FOXO1_forkhead_DBD_dimeric_14_1,FOXO1,56458
FOXO1_forkhead_DBD_monomeric_8_1,FOXO1,56458
FOXO1_forkhead_DBD_putatively-multimeric_12_1,FOXO1,56458
V$FOXO1_01_M00473,FOXO1,56458
V$FOXO1_02_M00474,FOXO1,56458
V$FOXO1_03_M01968,FOXO1,56458
V$FOXO1_04_M01969,FOXO1,56458
V$FOXO1_Q5_M01216,FOXO1,56458
FOXO3_forkhead_full_dimeric_14_1,FOXO3,56484
FOXO3_forkhead_full_monomeric_8_1,FOXO3,56484
FOXO3_forkhead_full_putatively-multimeric_11_1,FOXO3,56484
FOXO3_MA0157.1,FOXO3,56484
V$FOXO3_01_M00477,FOXO3,56484
V$FOXO3_02_M02270,FOXO3,56484
V$FOXO3A_Q1_M01137,FOXO3A,56484
Fli1.1,FLI1,14247
FLI1_ETS_full_monomeric_10_1,FLI1,14247
FLI1_ETS_full_monomeric_14_1,FLI1,14247
V$FLI1_01_M02038,FLI1,14247
V$FLI1_02_M02073,FLI1,14247
V$FLI1_Q6_M01208,FLI1,14247
Fos_MA0099.1,FOS,14281
JUNFOS.1,JUNFOS,14281
V$LRH1_Q5_01_M02098,LRH1,26424
V$LRH1_Q5_M01142,LRH1,26424
Gabpa.2,GABPA,14390
Gabpa.3,GABPA,14390
GABPA_ETS_full_monomeric_10_1,GABPA,14390
GABPA_MA0062.1,GABPA,14390
GABPA_MA0062.2,GABPA,14390
V$GABPA_01_M02039,GABPA,14390
V$GABPA_02_M02074,GABPA,14390
V$GABPA_04_M02858,GABPA,14390
V$GABPA_Q4_M01660,GABPA,14390
V$GADP_01_M01258,GADP,14390
V$GABPBETA_Q3_M01876,GABPBETA,14391
Gata1_MA0035.1,GATA1,14460
Gata1_MA0035.2,GATA1,14460
V$GATA1_01_M00075,GATA1,14460
V$GATA1_02_M00126,GATA1,14460
V$GATA1_03_M00127,GATA1,14460
V$GATA1_04_M00128,GATA1,14460
V$GATA1_05_M00346,GATA1,14460
V$GATA1_06_M00347,GATA1,14460
V$GATA1_09_M02254,GATA1,14460
V$GATA1_Q6_M02004,GATA1,14460
GATA2_MA0036.1,GATA2,14461
V$GATA2_01_M00076,GATA2,14461
V$GATA2_02_M00348,GATA2,14461
V$GATA2_03_M00349,GATA2,14461
Gata3.1,GATA3,14462
Gata3.2,GATA3,14462
GATA3_GATA_full_monomeric_8_1,GATA3,14462
GATA3_MA0037.1,GATA3,14462
V$GATA3_01_M00077,GATA3,14462
V$GATA3_02_M00350,GATA3,14462
V$GATA3_03_M00351,GATA3,14462
V$GATA3_05_M02859,GATA3,14462
GATA4_GATA_DBD_monomeric_8_1,GATA4,14463
V$GATA4_Q3_M00632,GATA4,14463
Gata6.1,GATA6,14465
Gata6.2,GATA6,14465
V$GATA6_01_M00462,GATA6,14465
V$GATA6_04_M02757,GATA6,14465
V$GATA6_05_M02861,GATA6,14465
V$GATA6_Q5_M03216,GATA6,14465
Gbx1.1,GBX1,231044
GBX1_homeodomain_DBD_monomeric_10_1,GBX1,231044
V$GBX1_01_M01371,GBX1,231044
Gbx2.1,GBX2,14472
GBX2_homeodomain_DBD_dimeric_14_1,GBX2,14472
GBX2_homeodomain_full_monomeric_10_1,GBX2,14472
V$GBX2_01_M01382,GBX2,14472
V$GC_01_M00255,GC,14473
V$GCNF_01_M00526,GCNF,14536
V$GCNF_Q3_M02009,GCNF,14536
Gfi_MA0038.1,GFI,14581
V$GFI1_01_M00250,GFI1,14581
V$GFI1_Q6_01_M02010,GFI1,14581
V$GFI1_Q6_M01067,GFI1,14581
V$GLI_Q2_M01037,GLI,14632
V$GLI1_01_M01702,GLI1,14632
V$GLI1_Q2_M01042,GLI1,14632
GLI2_C2H2_DBD_monomeric_12_1,GLI2,14633
GLI2_C2H2_DBD_monomeric_14_1,GLI2,14633
V$GLI2_01_M01703,GLI2,14633
V$GLI3_01_M01596,GLI3,14634
V$GLI3_02_M01704,GLI3,14634
V$GLI3_Q5_01_M01657,GLI3,14634
V$GR_01_M00955,GR,14815
V$GR_Q6_01_M00921,GR,14815
V$GR_Q6_02_M01836,GR,14815
V$GR_Q6_M00192,GR,14815
V$GRE_C_M00205,GRE,14815
NR3C1_MA0113.1,NR3C1,14815
NR3C1_nuclearreceptor_DBD_dimeric_17_1,NR3C1,14815
V$NR3C1_01_M02219,NR3C1,14815
GSC2_homeodomain_DBD_monomeric_10_1,GSC2,195333
V$TFIIA_Q6_M00707,TFIIA,83602
V$TFIII_Q6_M00706,TFIII,14886
V$BRF1_01_M01747,BRF1,72308
Hic1.1,HIC1,15248
Hic1.2,HIC1,15248
Hic1_C2H2_DBD_dimeric_18_1,HIC1,15248
Hic1_C2H2_DBD_monomer_9_1,HIC1,15248
V$HIC1_02_M01072,HIC1,15248
V$HIC1_03_M01073,HIC1,15248
V$HIC1_05_M02763,HIC1,15248
V$HIC1_06_M02867,HIC1,15248
V$HIF1_Q3_M00797,HIF1,15251
V$HIF1_Q5_M00466,HIF1,15251
V$HIF1A_Q6_M02012,HIF1A,15251
V$MIF1_01_M00279,MIF1,15273
V$HB9_01_M01349,HB9,15285
Hlxb9.1,HLXB9,15285
MNX1_homeodomain_DBD_monomeric_10_1,MNX1,15285
HLF_bZIP_full_dimeric_12_1,HLF,217082
HLF_MA0043.1,HLF,217082
V$HLF_01_M00260,HLF,217082
V$HB24_01_M01399,HB24,15284
Hlx1.1,HLX1,15284
V$NUR77_Q5_M01217,NUR77,15370
Hmx1.1,HMX1,15371
HMX1_homeodomain_DBD_monomeric_11_1,HMX1,15371
V$HMX1_01_M00433,HMX1,15371
V$HMX1_02_M01481,HMX1,15371
Hmx2.1,HMX2,15372
HMX2_homeodomain_DBD_monomeric_11_1,HMX2,15372
V$NKX52_01_M01315,NKX52,15372
FOXA1_MA0148.1,FOXA1,15375
V$HNF3_Q6_01_M01012,HNF3,15375
V$HNF3_Q6_M00791,HNF3,15375
V$HNF3A_01_M01261,HNF3A,15375
V$HNF3ALPHA_Q6_M00724,HNF3ALPHA,15375
Foxa2.1,FOXA2,15376
Foxa2.2,FOXA2,15376
Foxa2_MA0047.1,FOXA2,15376
Foxa2_MA0047.2,FOXA2,15376
V$FOXA2_02_M02853,FOXA2,15376
V$FOXA2_03_M02260,FOXA2,15376
V$FOXA2_04_M02749,FOXA2,15376
V$HNF3B_01_M00131,HNF3B,15376
V$HNF3B_Q6_M02014,HNF3B,15376
V$HNF3G_Q4_M02015,HNF3G,15377
V$HNF4_01_B_M00411,HNF4,15378
V$HNF4_01_M00134,HNF4,15378
V$HNF4_DR1_Q3_M00764,HNF4,15378
V$HNF4_Q6_01_M01031,HNF4,15378
V$HNF4_Q6_02_M01032,HNF4,15378
V$HNF4_Q6_03_M01033,HNF4,15378
V$HNF4_Q6_M00967,HNF4,15378
Hnf4a.1,HNF4A,15378
Hnf4a.2,HNF4A,15378
HNF4A_MA0114.1,HNF4A,15378
HNF4A_nuclearreceptor_full_dimeric_14_1,HNF4A,15378
HNF4A_nuclearreceptor_full_dimeric_15_1,HNF4A,15378
HNF4A_nuclearreceptor_full_dimeric_16_1,HNF4A,15378
V$HNF4A_02_M02868,HNF4A,15378
V$HNF4A_03_M02220,HNF4A,15378
V$HNF4A_04_M02764,HNF4A,15378
V$HNF4A_Q6_01_M02016,HNF4A,15378
V$HNF4ALPHA_Q6_M00638,HNF4ALPHA,15378
V$HNF6_Q6_M00639,HNF6,15379
ONECUT1_CUT_full_monomeric_14_1,ONECUT1,15379
V$NCX_01_M00484,NCX,21909
V$NCX_02_M01420,NCX,21909
Tlx2.1,TLX2,21909
Hoxa1.1,HOXA1,15394
HOXA1_homeodomain_DBD_monomeric_10_1,HOXA1,15394
V$HOXA1_01_M01487,HOXA1,15394
Hoxa2.1,HOXA2,15399
Hoxa2_homeodomain_DBD_monomeric_10_1,HOXA2,15399
V$HOXA2_01_M01402,HOXA2,15399
Hoxa3.1,HOXA3,15400
Hoxa3.2,HOXA3,15400
Hoxa3.3,HOXA3,15400
V$HOXA3_01_M00395,HOXA3,15400
V$HOXA3_02_M01337,HOXA3,15400
V$HOXA3_07_M02869,HOXA3,15400
Hoxa4.1,HOXA4,15401
V$HOXA4_01_M01370,HOXA4,15401
V$HOXA4_Q2_M00640,HOXA4,15401
Hoxa5.1,HOXA5,15402
HOXA5_MA0158.1,HOXA5,15402
V$HOXA5_03_M02271,HOXA5,15402
Hoxa6.1,HOXA6,15403
V$HOXA6_01_M01392,HOXA6,15403
Hoxa7.1,HOXA7,15404
V$HOXA7_01_M01108,HOXA7,15404
V$HOXA7_02_M01336,HOXA7,15404
V$HOXA7_03_M01394,HOXA7,15404
Hoxa9.1,HOXA9,15405
V$HOXA9_01_M01351,HOXA9,15405
V$MEIS1AHOXA9_01_M00420,MEIS1AHOXA9,15405
V$MEIS1BHOXA9_02_M00421,MEIS1BHOXA9,15405
Hoxa10.1,HOXA10,15395
HOXA10_homeodomain_DBD_monomeric_11_1,HOXA10,15395
HOXA10_homeodomain_DBD_monomeric_12_1,HOXA10,15395
V$HOXA10_01_M01464,HOXA10,15395
Hoxa11.1,HOXA11,15396
Hoxa11_homeodomain_DBD_monomeric_11_1,HOXA11,15396
Hoxa11_homeodomain_DBD_monomeric_12_1,HOXA11,15396
V$HOXA11_01_M01378,HOXA11,15396
V$HOX13_01_M00023,HOX13,15398
V$HOX13_02_M01452,HOX13,15398
Hoxa13.1,HOXA13,15398
HOXA13_homeodomain_full_monomeric_10_1,HOXA13,15398
HOXA13_homeodomain_full_monomeric_11_1,HOXA13,15398
V$HOXA13_01_M01292,HOXA13,15398
V$HOXA13_02_M01297,HOXA13,15398
V$HOXA13_03_M01430,HOXA13,15398
HOXB2_homeodomain_DBD_monomeric_10_1,HOXB2,103889
Hoxb3.1,HOXB3,15410
HOXB3_homeodomain_DBD_monomeric_10_1,HOXB3,15410
V$HOXB3_01_M01330,HOXB3,15410
Hoxb4.1,HOXB4,15412
V$HOXB4_01_M01424,HOXB4,15412
Hoxb5.1,HOXB5,15413
HOXB5_homeodomain_DBD_monomeric_10_1,HOXB5,15413
V$HOXB5_01_M01319,HOXB5,15413
Hoxb6.1,HOXB6,15414
V$HOXB6_01_M01460,HOXB6,15414
Hoxb7.1,HOXB7,15415
V$HOXB7_01_M01396,HOXB7,15415
Hoxb8.1,HOXB8,15416
V$HOXB8_01_M01451,HOXB8,15416
Hoxb9.1,HOXB9,15417
V$HOXB9_01_M01426,HOXB9,15417
Hoxc4.1,HOXC4,15423
V$HOXC4_01_M01369,HOXC4,15423
Hoxc5.1,HOXC5,15424
V$HOXC5_01_M01454,HOXC5,15424
Hoxc6.1,HOXC6,15425
V$HOXC6_01_M01406,HOXC6,15425
Hoxc8.1,HOXC8,15426
V$HOXC8_01_M01321,HOXC8,15426
Hoxc9.1,HOXC9,15427
V$HOXC9_01_M01416,HOXC9,15427
Hoxc10.1,HOXC10,209448
Hoxc10_homeodomain_DBD_monomeric_10_1,HOXC10,209448
Hoxc10_homeodomain_DBD_monomeric_10_2,HOXC10,209448
HOXC10_homeodomain_DBD_monomeric_10_3,HOXC10,209448
V$HOXC10_01_M01361,HOXC10,209448
Hoxc11.1,HOXC11,109663
HOXC11_homeodomain_DBD_monomeric_11_1,HOXC11,109663
HOXC11_homeodomain_full_monomeric_11_1,HOXC11,109663
HOXC11_homeodomain_full_monomeric_11_2,HOXC11,109663
V$HOXC11_01_M01329,HOXC11,109663
Hoxc12.1,HOXC12,15421
HOXC12_homeodomain_DBD_monomeric_11_1,HOXC12,15421
HOXC12_homeodomain_DBD_monomeric_9_1,HOXC12,15421
V$HOXC12_01_M01437,HOXC12,15421
Hoxc13.1,HOXC13,15422
HOXC13_homeodomain_DBD_monomeric_10_1,HOXC13,15422
HOXC13_homeodomain_DBD_monomeric_11_1,HOXC13,15422
V$HOXC13_01_M01317,HOXC13,15422
Hoxd1.1,HOXD1,15429
V$HOXD1_01_M01448,HOXD1,15429
Hoxd3.1,HOXD3,15434
Hoxd3_homeodomain_DBD_monomeric_10_1,HOXD3,15434
V$HOXD3_01_M01338,HOXD3,15434
Hoxd8.1,HOXD8,15437
HOXD8_homeodomain_DBD_monomeric_10_1,HOXD8,15437
V$HOXD8_01_M01432,HOXD8,15437
Hoxd9_homeodomain_DBD_monomeric_10_1,HOXD9,15438
Hoxd9_homeodomain_DBD_monomeric_9_1,HOXD9,15438
Hoxd9_homeodomain_DBD_monomeric_9_2,HOXD9,15438
V$HOXD9_Q2_M01834,HOXD9,15438
Hoxd10.1,HOXD10,15430
V$HOXD10_01_M01375,HOXD10,15430
Hoxd11.1,HOXD11,15431
HOXD11_homeodomain_DBD_monomeric_10_1,HOXD11,15431
HOXD11_homeodomain_DBD_monomeric_10_2,HOXD11,15431
V$HOXD11_01_M01434,HOXD11,15431
Hoxd12.1,HOXD12,15432
HOXD12_homeodomain_DBD_monomeric_11_1,HOXD12,15432
HOXD12_homeodomain_DBD_monomeric_9_1,HOXD12,15432
V$HOXD12_01_M01380,HOXD12,15432
Hoxd13.1,HOXD13,15433
HOXD13_homeodomain_DBD_monomeric_10_1,HOXD13,15433
HOXD13_homeodomain_DBD_monomeric_11_1,HOXD13,15433
V$HOXD13_01_M01404,HOXD13,15433
V$HES1_Q2_M01009,HES1,15205
V$HES1_Q6_M02011,HES1,15205
V$HSF_Q6_M00641,HSF,15499
HSF1_HSF_full_trimeric_13_1,HSF1,15499
V$HSF1_01_M00146,HSF1,15499
V$HSF1_Q6_01_M02017,HSF1,15499
V$HSF1_Q6_M01023,HSF1,15499
HSF2_HSF_DBD_trimeric_13_1,HSF2,15500
V$HSF2_01_M00147,HSF2,15500
V$HSF2_02_M01244,HSF2,15500
HSF4_HSF_DBD_trimeric_13_1,HSF4,26386
V$ICSBP_Q6_M00699,ICSBP,15900
IRF8_IRF_full_dimeric_14_1,IRF8,15900
V$IRF8_Q6_M01665,IRF8,15900
ID4_bHLH_DBD_dimeric_10_1,ID4,15904
V$CBF1_QX_M01727,CBF1,19664
V$RBPJK_01_M01112,RBPJK,19664
V$RBPJK_Q4_M01111,RBPJK,19664
INSM1_MA0155.1,INSM1,53626
V$INSM1_01_M02268,INSM1,53626
Ipf1.1,IPF1,18609
V$IPF1_01_M01233,IPF1,18609
V$IPF1_02_M01234,IPF1,18609
V$IPF1_03_M01235,IPF1,18609
V$IPF1_04_M01236,IPF1,18609
V$IPF1_05_M01255,IPF1,18609
V$IPF1_06_M01438,IPF1,18609
V$IPF1_Q4_01_M01013,IPF1,18609
V$IPF1_Q4_M00436,IPF1,18609
V$IPF1_Q5_M02096,IPF1,18609
V$IPF1_Q6_M01275,IPF1,18609
V$K2B_01_M01348,K2B,18609
PDX1_homeodomain_DBD_dimeric_18_1,PDX1,18609
PDX1_homeodomain_DBD_monomeric_8_1,PDX1,18609
Pdx1_MA0132.1,PDX1,18609
V$IRF_Q6_01_M00972,IRF,16362
V$IRF_Q6_M00772,IRF,16362
IRF1_MA0050.1,IRF1,16362
V$IRF1_01_M00062,IRF1,16362
V$IRF1_Q6_01_M01881,IRF1,16362
V$IRF1_Q6_M00747,IRF1,16362
IRF2_MA0051.1,IRF2,16363
V$IRF2_01_M00063,IRF2,16363
V$IRF2_Q6_M01882,IRF2,16363
Irf3.1,IRF3,54131
Irf3.2,IRF3,54131
IRF3_IRF_full_trimeric_21_1,IRF3,54131
V$IRF3_05_M02767,IRF3,54131
V$IRF3_06_M02871,IRF3,54131
V$IRF3_Q3_M01279,IRF3,54131
Irf4.1,IRF4,16364
Irf4.2,IRF4,16364
IRF4_IRF_full_dimeric_15_1,IRF4,16364
V$IRF4_03_M02768,IRF4,16364
V$IRF4_04_M02872,IRF4,16364
V$IRF4_Q6_M01883,IRF4,16364
Irf5.1,IRF5,27056
Irf5.2,IRF5,27056
IRF5_IRF_full_dimeric_14_1,IRF5,27056
IRF5_IRF_full_monomeric_11_1,IRF5,27056
V$IRF5_03_M02769,IRF5,27056
V$IRF5_04_M02873,IRF5,27056
Irf6.1,IRF6,54139
Irf6.2,IRF6,54139
V$IRF6_03_M02770,IRF6,54139
V$IRF6_04_M02874,IRF6,54139
IRF7_IRF_DBD_dimeric_14_1,IRF7,54123
IRF7_IRF_DBD_trimeric_17_1,IRF7,54123
V$IRF7_01_M00453,IRF7,54123
V$IRF7_Q3_M01884,IRF7,54123
V$ISL1_Q6_M01127,ISL1,16392
V$LFA1_Q6_M00646,LFA1,16414
AP1_MA0099.2,AP1,16476
V$AP1_01_M00517,AP1,16476
V$AP1_02_M02280,AP1,16476
V$AP1_C_M00199,AP1,16476
V$AP1_Q2_01_M00924,AP1,16476
V$AP1_Q2_M00173,AP1,16476
V$AP1_Q4_01_M00926,AP1,16476
V$AP1_Q4_M00188,AP1,16476
V$AP1_Q6_01_M00925,AP1,16476
V$AP1_Q6_M00174,AP1,16476
V$AP1FJ_Q2_M00172,AP1FJ,16476
Jundm2.2,JUNDM2,16476
V$JUNDM2_03_M02772,JUNDM2,16476
V$JUNDM2_04_M02876,JUNDM2,16476
V$VJUN_01_M00036,VJUN,16476
Lhx1.1,LHX1,16869
V$LIM1_01_M01418,LIM1,16869
V$LMO2COM_01_M00277,LMO2COM,16909
V$LMO2COM_02_M00278,LMO2COM,16909
V$LMX1_01_M01409,LMX1,110648
Lmx1a.1,LMX1A,110648
LMX1A_homeodomain_DBD_monomeric_8_1,LMX1A,110648
Lmx1b.1,LMX1B,16917
LMX1B_homeodomain_full_monomeric_8_1,LMX1B,16917
V$LMX1B_01_M01363,LMX1B,16917
V$LTF_Q6_M01692,LTF,17002
V$SAP1A_01_M01167,SAP1A,20400
V$SAP1A_02_M01983,SAP1A,20400
V$SAP1A_03_M02058,SAP1A,20400
V$SMAD_Q6_01_M00974,SMAD,17125
V$SMAD_Q6_M00792,SMAD,17125
V$SMAD1_01_M01590,SMAD1,17125
Smad3.1,SMAD3,17127
Smad3.2,SMAD3,17127
SMAD3_MAD_DBD_dimeric_10_1,SMAD3,17127
V$SMAD3_03_M02794,SMAD3,17127
V$SMAD3_Q6_01_M01888,SMAD3,17127
V$SMAD3_Q6_M00701,SMAD3,17127
V$SMAD4_04_M02898,SMAD4,17128
V$SMAD4_Q6_01_M01889,SMAD4,17128
V$SMAD4_Q6_M00733,SMAD4,17128
V$CMAF_01_M01070,CMAF,17132
V$CMAF_02_M01228,CMAF,17132
V$MAF_Q6_01_M00983,MAF,17132
V$MAF_Q6_M00648,MAF,17132
V$VMAF_01_M00035,VMAF,17132
MAFG_bZIP_full_dimeric_21_1,MAFG,17134
V$TCF11MAFG_01_M00284,TCF11MAFG,17134
Max.1,MAX,17187
Max.2,MAX,17187
MAX_bHLH_DBD_dimeric_10_1,MAX,17187
MAX_bHLH_DBD_dimer-of-dimers_17_1,MAX,17187
MAX_MA0058.1,MAX,17187
V$MAX_01_M00119,MAX,17187
V$MAX_04_M02881,MAX,17187
V$MAX_Q6_M01830,MAX,17187
V$MYCMAX_01_M00118,MYCMAX,17187
V$MYCMAX_02_M00123,MYCMAX,17187
V$MYCMAX_03_M00615,MYCMAX,17187
V$MYCMAX_B_M00322,MYCMAX,17187
V$MAZ_Q6_01_M02023,MAZ,17188
V$MAZ_Q6_M00649,MAZ,17188
V$MECP2_01_M01298,MECP2,17257
V$MECP2_02_M01299,MECP2,17257
V$AMEF2_Q6_M00403,AMEF2,17258
V$HMEF2_Q6_M00406,HMEF2,17258
V$MEF2_01_M00006,MEF2,17258
V$MEF2_02_M00231,MEF2,17258
V$MEF2_03_M00232,MEF2,17258
V$MEF2_04_M00233,MEF2,17258
V$MEF2_Q6_01_M00941,MEF2,17258
MEF2A_MA0052.1,MEF2A,17258
MEF2A_MADS_DBD_dimeric_12_1,MEF2A,17258
V$MEF2A_05_M01301,MEF2A,17258
V$MEF2A_Q6_M02024,MEF2A,17258
V$MMEF2_Q6_M00405,MMEF2,17258
V$RSRFC4_01_M00026,RSRFC4,17258
V$RSRFC4_Q2_M00407,RSRFC4,17258
V$MEF2C_Q4_M02025,MEF2C,17260
MEF2D_MADS_DBD_dimeric_12_1,MEF2D,17261
V$MEF2D_Q4_M02026,MEF2D,17261
Meis2_MEIS_DBD_dimeric_12_1,MEIS2,17536
MEIS2_MEIS_DBD_dimeric_14_1,MEIS2,17536
Meis2_MEIS_DBD_monomeric_7_1,MEIS2,17536
MEIS2_MEIS_DBD_monomeric_8_1,MEIS2,17536
V$MEIS2_01_M01488,MEIS2,17536
Mrg1.1,MRG1,17536
Meox1.1,MEOX1,17285
MEOX1_homeodomain_full_monomeric_10_1,MEOX1,17285
V$MOX1_01_M01443,MOX1,17285
MEOX2_homeodomain_DBD_dimeric_14_1,MEOX2,17286
MEOX2_homeodomain_DBD_dimeric_17_1,MEOX2,17286
MEOX2_homeodomain_DBD_monomeric_10_1,MEOX2,17286
Meox2_homeodomain_DBD_monomeric_8_1,MEOX2,17286
V$MITF_Q6_M02099,MITF,17342
FOXO4_forkhead_DBD_dimeric_14_1,FOXO4,54601
FOXO4_forkhead_DBD_monomeric_7_1,FOXO4,54601
FOXO4_forkhead_DBD_putatively-multimeric_12_1,FOXO4,54601
V$FOXO4_01_M00472,FOXO4,54601
V$FOXO4_02_M00476,FOXO4,54601
NR3C2_nuclearreceptor_DBD_dimeric_17_1,NR3C2,110784
MNT_bHLH_DBD_dimeric_10_1,MNT,17428
Msx1.1,MSX1,17701
MSX1_homeodomain_DBD_dimeric_18_1,MSX1,17701
MSX1_homeodomain_full_monomeric_8_1,MSX1,17701
V$MSX1_01_M00394,MSX1,17701
V$MSX1_02_M01412,MSX1,17701
Msx2.1,MSX2,17702
MSX2_homeodomain_DBD_dimeric_18_1,MSX2,17702
MSX2_homeodomain_DBD_monomeric_8_1,MSX2,17702
V$MSX2_01_M01393,MSX2,17702
Mtf1.1,MTF1,17764
Mtf1.2,MTF1,17764
MTF1_C2H2_DBD_monomeric_14_1,MTF1,17764
V$MTF1_01_M01242,MTF1,17764
V$MTF1_02_M01243,MTF1,17764
V$MTF1_05_M02778,MTF1,17764
V$MTF1_06_M02882,MTF1,17764
V$MTF1_Q4_M00650,MTF1,17764
V$CMYB_01_M00004,CMYB,17863
V$CMYB_Q5_M01821,CMYB,17863
Myb.1,MYB,17863
Myb.2,MYB,17863
Myb_MA0100.1,MYB,17863
V$MYB_03_M02883,MYB,17863
V$MYB_05_M02779,MYB,17863
V$MYB_Q3_M00773,MYB,17863
V$MYB_Q5_01_M00913,MYB,17863
V$MYB_Q6_M00183,MYB,17863
V$VMYB_01_M00003,VMYB,17863
V$VMYB_02_M00227,VMYB,17863
Mybl1.1,MYBL1,17864
Mybl1.2,MYBL1,17864
MYBL1_MYB_DBD_dimeric_12_1,MYBL1,17864
MYBL1_MYB_DBD_dimeric_12_2,MYBL1,17864
MYBL1_MYB_DBD_dimeric_17_1,MYBL1,17864
MYBL1_MYB_DBD_monomeric_11_1,MYBL1,17864
V$MYBL1_03_M02780,MYBL1,17864
V$MYBL1_04_M02884,MYBL1,17864
MYBL2_MYB_DBD_dimeric_14_1,MYBL2,17865
MYBL2_MYB_DBD_dimeric_15_1,MYBL2,17865
MYBL2_MYB_DBD_dimeric_16_1,MYBL2,17865
MYBL2_MYB_DBD_monomeric_11_1,MYBL2,17865
V$CMYC_01_M01145,CMYC,17869
V$CMYC_02_M01154,CMYC,17869
Myc_MA0147.1,MYC,17869
V$MYC_01_M02250,MYC,17869
V$MYC_Q2_M00799,MYC,17869
Mycn_MA0104.1,MYCN,18109
Mycn_MA0104.2,MYCN,18109
V$MYCN_01_M02259,MYCN,18109
V$NMYC_01_M00055,NMYC,18109
V$NMYC_02_M01808,NMYC,18109
Myf6.1,MYF6,17878
Myf6.2,MYF6,17878
MYF6_bHLH_full_dimeric_10_1,MYF6,17878
V$MYF6_03_M02781,MYF6,17878
V$MYF6_04_M02885,MYF6,17878
Myf_MA0055.1,MYF,17927
V$MYF_01_M01302,MYF,17927
V$MYOD_01_M00001,MYOD,17927
V$MYOD_Q6_01_M00929,MYOD,17927
V$MYOD_Q6_02_M02100,MYOD,17927
V$MYOD_Q6_M00184,MYOD,17927
V$MYOGENIN_Q6_01_M02101,MYOG,17928
V$MYOGENIN_Q6_M00712,MYOG,17928
V$MYOGNF1_01_M00056,MYOGNF1,17928
V$NEUROD_01_M01287,NEUROD,18012
V$NEUROD_02_M01288,NEUROD,18012
NEUROD2_bHLH_full_dimeric_10_1,NEUROD2,18013
V$NF1_Q6_01_M00806,NF1,18015
V$NF1_Q6_M00193,NF1,18015
V$NFAT2_01_M01748,NFAT2,18018
V$NFAT2_02_M01749,NFAT2,18018
V$NFAT2_Q5_M01718,NFAT2,18018
NFATC1_NFAT_full_dimeric_14_1,NFATC1,18018
NFATC1_NFAT_full_dimeric_15_1,NFATC1,18018
NFATC1_NFAT_full_dimeric_20_1,NFATC1,18018
V$NFAT_Q4_01_M00935,NFAT,18019
V$NFAT_Q6_M00302,NFAT,18019
V$NFAT1_Q6_M01281,NFAT1,18019
NFATC2_MA0152.1,NFATC2,18019
V$NFATC2_01_M02265,NFATC2,18019
V$NF1A_Q6_M02103,NF1A,18027
NFIA_NFI_full_dimeric_15_1,NFIA,18027
NFIA_NFI_full_monomeric_10_1,NFIA,18027
V$NFAT4_Q3_M01886,NFAT4,18021
V$NFAT3_Q3_M01734,NFAT3,73181
NFE2_bZIP_DBD_dimeric_11_1,NFE2,18022
V$NFE2_01_M00037,NFE2,18022
V$NFE2_Q6_M02104,NFE2,18022
V$TCF11_01_M00285,TCF11,18023
NFE2L2_MA0150.1,NFE2L2,18024
V$NFE2L2_01_M02263,NFE2L2,18024
V$NRF2_01_M00108,NRF2,18024
V$NRF2_Q4_M00821,NRF2,18024
NFIB_NFI_full_dimeric_15_1,NFIB,18028
NFIC_MA0161.1,NFIC,18029
V$CTF_01_M02050,NFIC,18029
V$E4BP4_01_M00045,E4BP4,18030
NFIL3_bZIP_DBD_dimeric_12_1,NFIL3,18030
NFIL3_MA0025.1,NFIL3,18030
NFIX_NFI_full_dimeric_15_2,NFIX,18032
NFIX_NFI_full_monomeric_9_2,NFIX,18032
V$NFKAPPAB_01_M00054,NFKAPPAB,18033
NF-kappaB_MA0061.1,NF-KAPPAB,18033
V$NFKAPPAB50_01_M00051,NFKAPPAB50,18033
V$NFKAPPAB65_01_M00052,NFKAPPAB65,18033
V$NFKB_C_M00208,NFKB,18033
V$NFKB_Q6_01_M00774,NFKB,18033
V$NFKB_Q6_M00194,NFKB,18033
NFKB1_MA0105.1,NFKB1,18033
NFKB1_NFAT_DBD_dimeric_13_1,NFKB1,18033
V$P50P50_Q3_M01223,P50P50,18033
V$P50RELAP65_Q5_01_M01224,P50RELAP65,18033
NFKB2_NFAT_DBD_dimeric_13_1,NFKB2,18034
V$ALPHACP1_01_M00687,ALPHACP1,18044
V$NFY_01_M00287,NFY,18044
V$NFY_C_M00209,NFY,18044
V$NFY_Q6_01_M00775,NFY,18044
V$NFY_Q6_M00185,NFY,18044
NFYA_MA0060.1,NFYA,18044
V$NFYA_Q5_M02106,NFYA,18044
V$NFYC_Q5_M02107,NFYC,18046
NHLH1_bHLH_full_dimeric_10_1,NHLH1,18071
NHLH1_MA0048.1,NHLH1,18071
V$NKX22_01_M00485,NKX22,18088
V$NKX22_02_M01372,NKX22,18088
Nkx2-2.1,NKX2-2,18088
V$NKX2B_Q3_M02109,NKX2B,18088
V$NKX31_02_M02782,NKX31,18095
Nkx3-1.1,NKX3-1,18095
Nkx3-1.2,NKX3-1,18095
Nkx3-1.3,NKX3-1,18095
NKX3-1_homeodomain_full_monomeric_9_1,NKX3-1,18095
NKX3-1_MA0124.1,NKX3-1,18095
V$NKX3A_01_M00451,NKX3A,18095
V$NKX3A_02_M01383,NKX3A,18095
V$NKX61_01_M00424,NKX61,18096
V$NKX61_02_M01469,NKX61,18096
V$NKX61_03_M01489,NKX61,18096
Nkx6-1.2,NKX6-1,18096
NKX6-1_homeodomain_full_monomeric_8_1,NKX6-1,18096
V$CNOT3_01_M01253,CNOT3,232791
NRF1_NRF_full_dimeric_12_1,NRF1,18181
V$NRF1_Q6_M00652,NRF1,18181
NRL_bZIP_DBD_monomeric_11_1,NRL,18185
NR4A2_MA0160.1,NR4A2,18227
NR4A2_nuclearreceptor_full_dimeric_16_1,NR4A2,18227
NR4A2_nuclearreceptor_full_dimeric_17_1,NR4A2,18227
NR4A2_nuclearreceptor_full_monomeric_11_1,NR4A2,18227
V$NR4A2_01_M02273,NR4A2,18227
V$NURR1_Q3_M01269,NURR1,18227
Six6.2,SIX6,20476
Six6.3,SIX6,20476
V$SIX6_01_M01345,SIX6,20476
V$SIX6_02_M01398,SIX6,20476
V$SIX6_08_M02897,SIX6,20476
V$OTX_Q1_M01117,OTX,18423
Otx1.1,OTX1,18423
Otx1_homeodomain_DBD_dimeric_15_1,OTX1,18423
OTX1_homeodomain_DBD_monomeric_8_1,OTX1,18423
V$OTX1_01_M01366,OTX1,18423
Otx2.1,OTX2,18424
OTX2_homeodomain_DBD_dimeric_15_1,OTX2,18424
OTX2_homeodomain_DBD_monomeric_8_1,OTX2,18424
V$OTX2_01_M01387,OTX2,18424
V$OTX2_Q3_M01719,OTX2,18424
V$PEBP_Q6_M00984,PEBP,23980
V$PAX_Q6_M00808,PAX,18503
PAX1_PAX_DBD_monomeric_17_1,PAX1,18503
V$PAX1_B_M00326,PAX1,18503
Pax2_MA0067.1,PAX2,18504
PAX2_PAX_DBD_monomeric_18_1,PAX2,18504
V$PAX2_01_M00098,PAX2,18504
V$PAX2_02_M00486,PAX2,18504
PAX3_PAX_DBD_dimeric_10_1,PAX3,18505
V$PAX3_01_M00360,PAX3,18505
V$PAX3_B_M00327,PAX3,18505
Pax4.1,PAX4,18506
Pax4_MA0068.1,PAX4,18506
PAX4_PAX_full_monomeric_8_1,PAX4,18506
V$PAX4_01_M00373,PAX4,18506
V$PAX4_02_M00377,PAX4,18506
V$PAX4_03_M00378,PAX4,18506
V$PAX4_04_M00380,PAX4,18506
V$PAX4_05_M01385,PAX4,18506
Pax5_MA0014.1,PAX5,18507
PAX5_PAX_DBD_monomeric_18_1,PAX5,18507
V$PAX5_01_M00143,PAX5,18507
V$PAX5_02_M00144,PAX5,18507
Pax6.1,PAX6,18508
Pax6_MA0069.1,PAX6,18508
PAX6_PAX_DBD_monomeric_19_1,PAX6,18508
V$PAX6_01_M00097,PAX6,18508
V$PAX6_02_M01391,PAX6,18508
V$PAX6_Q2_M00979,PAX6,18508
Pax7.1,PAX7,18509
PAX7_PAX_full_dimeric_10_1,PAX7,18509
V$PAX7_01_M01339,PAX7,18509
PAX9_PAX_DBD_monomeric_17_1,PAX9,18511
V$PAX9_B_M00329,PAX9,18511
V$PBX_Q3_M00998,PBX,18514
Pbx1.1,PBX1,18514
PBX1_MA0070.1,PBX1,18514
V$PBX1_01_M00096,PBX1,18514
V$PBX1_02_M00124,PBX1,18514
V$PBX1_03_M01017,PBX1,18514
V$PBX1_04_M01357,PBX1,18514
V$PBX1_05_M01967,PBX1,18514
V$PBX1_Q3_M02028,PBX1,18514
V$PR_01_M00954,PR,18667
V$PR_02_M00957,PR,18667
V$PR_Q2_M00960,PR,18667
Pitx1.1,PITX1,18740
PITX1_homeodomain_full_monomeric_8_1,PITX1,18740
PITX1_homeodomain_full_monomeric_9_1,PITX1,18740
V$PITX1_01_M01484,PITX1,18740
V$PITX1_Q6_M01826,PITX1,18740
V$ARP1_01_M00155,ARP1,18741
Pitx2.1,PITX2,18741
V$PITX2_01_M01447,PITX2,18741
V$PITX2_Q2_M00482,PITX2,18741
V$PITX2_Q6_M02114,PITX2,18741
Pitx3.1,PITX3,18742
PITX3_homeodomain_DBD_monomeric_9_1,PITX3,18742
V$PITX3_01_M01343,PITX3,18742
V$PITX3_Q2_M01735,PITX3,18742
Pknox1.1,PKNOX1,18771
PKNOX1_MEIS_DBD_dimeric_12_1,PKNOX1,18771
V$PREP1_01_M01459,PREP1,18771
PLAG1_MA0163.1,PLAG1,56711
V$PLAG1_01_M01778,PLAG1,56711
V$PLAG1_02_M01973,PLAG1,56711
Plagl1.1,PLAGL1,22634
Plagl1.2,PLAGL1,22634
V$PLAGL1_03_M02786,PLAGL1,22634
V$PLAGL1_04_M02890,PLAGL1,22634
Prrx1.1,PRRX1,18933
PRRX1_homeodomain_full_dimeric_11_1,PRRX1,18933
PRRX1_homeodomain_full_monomeric_8_1,PRRX1,18933
V$PIT1_01_M01465,PIT1,18736
V$PIT1_Q6_M00802,PIT1,18736
Pou1f1.1,POU1F1,18736
POU1F1_POU_DBD_monomeric_14_1,POU1F1,18736
POU1F1_POU_DBD_monomeric_17_1,POU1F1,18736
V$POU1F1_Q6_M00744,POU1F1,18736
V$OCAB_Q6_M02113,OCAB,18985
OCT1.1,OCT1,18986
V$OCT1_01_M00135,OCT1,18986
V$OCT1_02_M00136,OCT1,18986
V$OCT1_03_M00137,OCT1,18986
V$OCT1_04_M00138,OCT1,18986
V$OCT1_05_M00161,OCT1,18986
V$OCT1_06_M00162,OCT1,18986
V$OCT1_07_M00248,OCT1,18986
V$OCT1_08_M01354,OCT1,18986
V$OCT1_B_M00342,OCT1,18986
V$OCT1_Q5_01_M00930,OCT1,18986
V$OCT1_Q6_M00195,OCT1,18986
V$OCT_C_M00210,OCT,18986
V$OCT_Q6_M00795,OCT,18986
Pou2f1.1,POU2F1,18986
POU2F1_POU_DBD_dimeric_14_1,POU2F1,18986
POU2F1_POU_DBD_monomeric_12_1,POU2F1,18986
V$OCT2_01_M01368,OCT2,18987
V$OCT2_02_M01761,OCT2,18987
Pou2f2.1,POU2F2,18987
Pou2f2_POU_DBD_dimeric_14_1,POU2F2,18987
POU2F2_POU_DBD_monomeric_11_1,POU2F2,18987
Pou2f2_POU_DBD_monomeric_9_1,POU2F2,18987
V$BRN2_01_M00145,BRN2,18992
Pou3f2.1,POU3F2,18992
POU3F2_POU_DBD_monomeric_12_1,POU3F2,18992
POU3F2_POU_DBD_monomeric_13_1,POU3F2,18992
V$POU3F2_01_M00463,POU3F2,18992
V$POU3F2_02_M00464,POU3F2,18992
V$OCTAMER_01_M01324,OCTAMER,18993
V$OCTAMER_02_M01477,OCTAMER,18993
Pou3f3.1,POU3F3,18993
POU3F3_POU_DBD_dimeric_12_1,POU3F3,18993
POU3F3_POU_DBD_monomeric_12_1,POU3F3,18993
POU3F3_POU_DBD_monomeric_13_1,POU3F3,18993
V$POU3F3_01_M03090,POU3F3,18993
V$BRN4_01_M01473,BRN4,18994
Pou3f4.1,POU3F4,18994
POU3F4_POU_DBD_monomeric_11_1,POU3F4,18994
POU3F4_POU_DBD_monomeric_9_1,POU3F4,18994
POU4F1_POU_DBD_monomeric_14_1,POU4F1,18996
POU4F2_POU_full_monomeric_16_1,POU4F2,18997
V$BRN3C_01_M01408,BRN3C,18998
Pou4f3.1,POU4F3,18998
POU4F3_POU_DBD_monomeric_16_1,POU4F3,18998
V$OCT4_01_M01125,OCT4,18999
V$OCT4_02_M01124,OCT4,18999
Pou5f1_MA0142.1,POU5F1,18999
V$POU5F1_01_M01307,POU5F1,18999
V$POU5F1_02_M02245,POU5F1,18999
Pou6f1.2,POU6F1,19009
V$POU6F1_01_M00465,POU6F1,19009
V$POU6F1_02_M01462,POU6F1,19009
V$POU6F1_03_M01479,POU6F1,19009
V$PPAR_DR1_Q2_M00763,PPAR,19013
V$PPARA_01_M00242,PPARA,19013
V$PPARA_02_M00518,PPARA,19013
V$PPARA_Q6_M01282,PPARA,19013
PPARG_MA0066.1,PPARG,19016
V$PPARG_01_M00512,PPARG,19016
V$PPARG_02_M00515,PPARG,19016
V$PPARG_03_M00528,PPARG,19016
V$PPARG_Q6_M01270,PPARG,19016
V$PPARGRXRA_01_M02262,PPARGRXRA,19016
Prop1.1,PROP1,19127
PROP1_homeodomain_full_dimeric_11_1,PROP1,19127
V$PROP1_01_M01294,PROP1,19127
V$PROP1_02_M01320,PROP1,19127
PROX1_PROX_DBD_dimeric_12_1,PROX1,19130
V$DEC_Q1_M00997,DEC,19211
V$PUR1_Q4_M01721,PUR1,19290
V$NR1B1_Q6_M02110,NR1B1,19401
Rara.1,RARA,19401
Rara.2,RARA,19401
RARA_nuclearreceptor_DBD_dimeric_18_2,RARA,19401
RARA_nuclearreceptor_full_dimeric_15_1,RARA,19401
RARA_nuclearreceptor_full_dimeric_17_1,RARA,19401
RARA_nuclearreceptor_full_dimeric_18_1,RARA,19401
V$RARA_03_M02787,RARA,19401
V$RARA_04_M02891,RARA,19401
V$NR1B2_Q6_M02111,NR1B2,218772
Rarb_nuclearreceptor_DBD_dimeric_17_1,RARB,218772
Rarb_nuclearreceptor_DBD_dimeric_18_1,RARB,218772
RARB_nuclearreceptor_full_dimeric_16_1,RARB,218772
RARG_nuclearreceptor_DBD_dimeric_17_1,RARG,19411
Rarg_nuclearreceptor_DBD_dimeric_17_1,RARG,19411
RARG_nuclearreceptor_DBD_dimeric_17_2,RARG,19411
RARG_nuclearreceptor_full_dimeric_16_1,RARG,19411
RARG_nuclearreceptor_full_dimeric_17_1,RARG,19411
RARG_nuclearreceptor_full_dimeric_18_1,RARG,19411
V$CREL_01_M00053,CREL,19696
REL_MA0101.1,REL,19696
RELA_MA0107.1,RELA,19697
V$NRSE_B_M00325,NRSE,19712
V$NRSF_01_M00256,NRSF,19712
V$NRSF_Q4_M01028,NRSF,19712
REST_MA0138.1,REST,19712
REST_MA0138.2,REST,19712
V$REST_01_M01256,REST,19712
V$REST_02_M02256,REST,19712
V$EFC_Q6_M00626,EFC,72151
V$RFX_Q6_M00975,RFX,19724
V$RFX1_01_M00280,RFX1,19724
V$RFX1_02_M00281,RFX1,19724
RFX2_RFX_DBD_dimeric_15_1,RFX2,19725
RFX2_RFX_DBD_dimeric_16_1,RFX2,19725
Rfx3.1,RFX3,19726
Rfx3.2,RFX3,19726
RFX3_RFX_DBD_dimeric_15_1,RFX3,19726
Rfx3_RFX_DBD_dimeric_16_1,RFX3,19726
V$RFX3_04_M02788,RFX3,19726
V$RFX3_05_M02892,RFX3,19726
Rfx4.1,RFX4,71137
RFX4_RFX_DBD_dimeric_15_1,RFX4,71137
RFX4_RFX_DBD_dimeric_16_1,RFX4,71137
V$RFX4_03_M02789,RFX4,71137
V$RFX4_04_M02893,RFX4,71137
RORA_1_MA0071.1,RORA,19883
RORA_2_MA0072.1,RORA,19883
RORA_nuclearreceptor_DBD_dimeric_19_1,RORA,19883
RORA_nuclearreceptor_DBD_dimeric_20_1,RORA,19883
V$RORA_Q4_M01138,RORA,19883
V$RORA1_01_M00156,RORA1,19883
V$RORA2_01_M00157,RORA2,19883
V$RORBETA_Q2_M01722,RORBETA,225998
RREB1_MA0073.1,RREB1,68750
V$RREB1_01_M00257,RREB1,68750
V$PXRRXR_01_M01152,PXRRXR,20181
V$PXRRXR_02_M01153,PXRRXR,20181
Rxra.1,RXRA,20181
Rxra.2,RXRA,20181
Rxra_nuclearreceptor_DBD_dimeric_12_1,RXRA,20181
RXRA_nuclearreceptor_DBD_dimeric_14_2,RXRA,20181
RXRA_nuclearreceptor_full_dimeric_14_1,RXRA,20181
RXRA_nuclearreceptor_full_dimeric_14_2,RXRA,20181
V$RXRA_03_M02791,RXRA,20181
V$RXRA_04_M02895,RXRA,20181
V$RXRLXRB_01_M01198,RXRLXRB,20181
V$VDRRXR_01_M01202,VDRRXR,20181
Rxrb_nuclearreceptor_DBD_dimeric_14_1,RXRB,20182
RXRG_nuclearreceptor_DBD_dimeric_14_2,RXRG,20183
RXRG_nuclearreceptor_full_dimeric_14_1,RXRG,20183
RXRG_nuclearreceptor_full_dimeric_14_2,RXRG,20183
V$SATB1_01_M01232,SATB1,20230
V$SATB1_Q3_M01723,SATB1,20230
V$SATB1_Q5_M02030,SATB1,20230
Shox2.1,SHOX2,20429
Shox2_homeodomain_DBD_monomeric_8_1,SHOX2,20429
V$SHOX2_01_M01415,SHOX2,20429
Six1.1,SIX1,20471
V$SIX1_01_M01313,SIX1,20471
Six3.1,SIX3,20473
V$SIX3_01_M01358,SIX3,20473
SNAI2_C2H2_DBD_monomeric_9_1,SNAI2,20583
Hltf_MA0109.1,HLTF,20585
V$RUSH1A_02_M01107,RUSH1A,20585
V$SOX_01_M01286,SOX,20664
V$SOX_Q6_M01014,SOX,20664
Sox1.1,SOX1,20664
Sox1.2,SOX1,20664
Sox1_HMG_DBD_dimeric_13_1,SOX1,20664
Sox1_HMG_DBD_dimeric_14_1,SOX1,20664
Sox1_HMG_DBD_dimeric_15_1,SOX1,20664
Sox1_HMG_DBD_dimeric_15_2,SOX1,20664
V$SOX1_03_M02802,SOX1,20664
V$SOX1_04_M02906,SOX1,20664
SOX2_HMG_full_dimeric_15_1,SOX2,20674
SOX2_HMG_full_dimeric_17_1,SOX2,20674
Sox2_MA0143.1,SOX2,20674
V$SOX2_01_M02246,SOX2,20674
V$SOX2_Q6_M01272,SOX2,20674
Sox3_HMG_DBD_dimeric_17_1,SOX3,20675
Sox3_HMG_DBD_dimeric_17_3,SOX3,20675
SOX4.1,SOX4,20677
Sox4.1,SOX4,20677
Sox4.2,SOX4,20677
SOX4_HMG_DBD_dimeric_16_1,SOX4,20677
V$SOX4_01_M01308,SOX4,20677
Sox5.1,SOX5,20678
Sox5.2,SOX5,20678
Sox5_MA0087.1,SOX5,20678
V$SOX5_01_M00042,SOX5,20678
V$SOX5_04_M02910,SOX5,20678
V$SOX5_07_M02909,SOX5,20678
SOX9_HMG_DBD_monomeric_9_1,SOX9,20682
SOX9_HMG_full_dimeric_16_1,SOX9,20682
SOX9_HMG_full_dimeric_16_3,SOX9,20682
SOX9_HMG_full_dimeric_17_1,SOX9,20682
SOX9_HMG_full_dimeric_17_3,SOX9,20682
SOX9_MA0077.1,SOX9,20682
V$SOX9_B1_M00410,SOX9,20682
V$SOX9_Q4_M01284,SOX9,20682
SOX10_HMG_full_dimeric_14_1,SOX10,20665
SOX10_HMG_full_dimeric_15_3,SOX10,20665
SOX10_HMG_full_dimeric_16_1,SOX10,20665
SOX10_MA0442.1,SOX10,20665
V$SOX10_01_M03138,SOX10,20665
V$SOX10_Q6_01_M02116,SOX10,20665
V$SOX10_Q6_M01131,SOX10,20665
Sox11.1,SOX11,20666
Sox11.2,SOX11,20666
Sox11_HMG_DBD_dimeric_15_1,SOX11,20666
V$SOX11_03_M02795,SOX11,20666
V$SOX11_04_M02899,SOX11,20666
Sox15.1,SOX15,20670
Sox15.2,SOX15,20670
SOX15_HMG_full_dimeric_15_1,SOX15,20670
SOX15_HMG_full_dimeric_15_3,SOX15,20670
V$SOX15_03_M02799,SOX15,20670
V$SOX15_04_M02903,SOX15,20670
Sox12.1,SOX12,20667
Sox12.2,SOX12,20667
V$SOX12_03_M02796,SOX12,20667
V$SOX12_04_M02900,SOX12,20667
SP1_C2H2_DBD_monomeric_11_1,SP1,20683
SP1_MA0079.1,SP1,20683
SP1_MA0079.2,SP1,20683
V$SP1_01_M00008,SP1,20683
V$SP1_02_M01303,SP1,20683
V$SP1_03_M02281,SP1,20683
V$SP1_Q2_01_M00933,SP1,20683
V$SP1_Q4_01_M00932,SP1,20683
V$SP1_Q6_01_M00931,SP1,20683
V$SP1_Q6_M00196,SP1,20683
V$SP1SP3_Q4_M01219,SP1SP3,20683
V$SP2_01_M01783,SP2,78912
SP3_C2H2_DBD_monomeric_11_1,SP3,20687
V$SP3_Q3_M00665,SP3,20687
Sp4.1,SP4,20688
Sp4.2,SP4,20688
SP4_C2H2_full_monomeric_17_1,SP4,20688
V$SP4_03_M02810,SP4,20688
V$SP4_04_M02914,SP4,20688
V$SP4_Q5_M01273,SP4,20688
V$PU1_Q4_M01172,PU1,20375
V$PU1_Q6_M00658,PU1,20375
Sfpi1.2,SFPI1,20375
Sfpi1.3,SFPI1,20375
V$SFPI1_04_M02896,SFPI1,20375
SPI1_ETS_full_monomeric_14_1,SPI1,20375
SPI1_MA0080.1,SPI1,20375
SPI1_MA0080.2,SPI1,20375
V$SPI1_01_M01203,SPI1,20375
V$SPI1_02_M02043,SPI1,20375
V$SPI1_03_M02078,SPI1,20375
V$SPI1_04_M02278,SPI1,20375
V$SPI1_Q5_M02031,SPI1,20375
SPIB_ETS_DBD_monomeric_14_1,SPIB,272382
SPIB_MA0081.1,SPIB,272382
V$SPIB_01_M01204,SPIB,272382
V$SPIB_02_M02041,SPIB,272382
V$SPIB_03_M02076,SPIB,272382
Srebf1_bHLH_DBD_dimeric_10_1,SREBF1,20787
V$SREBP_Q3_M00776,SREBP,20787
V$SREBP_Q6_M01168,SREBP,20787
V$SREBP1_01_M00220,SREBP1,20787
V$SREBP1_02_M00221,SREBP1,20787
V$SREBP1_Q5_M01173,SREBP1,20787
V$SREBP1_Q6_M00749,SREBP1,20787
SREBF2_bHLH_DBD_dimeric_10_1,SREBF2,20788
V$SREBP2_Q6_M01177,SREBP2,20788
Srf.1,SRF,20807
Srf.2,SRF,20807
SRF_MA0083.1,SRF,20807
SRF_MADS_DBD_dimeric_12_1,SRF,20807
SRF_MADS_full_dimeric_16_1,SRF,20807
V$SRF_01_M00152,SRF,20807
V$SRF_02_M01257,SRF,20807
V$SRF_03_M01304,SRF,20807
V$SRF_06_M02916,SRF,20807
V$SRF_C_M00215,SRF,20807
V$SRF_Q4_M00810,SRF,20807
V$SRF_Q5_01_M00922,SRF,20807
V$SRF_Q5_02_M01007,SRF,20807
V$SRF_Q6_M00186,SRF,20807
V$STAT_01_M00223,STAT,20846
V$STAT_Q6_M00777,STAT,20846
STAT1_MA0137.1,STAT1,20846
STAT1_MA0137.2,STAT1,20846
V$STAT1_01_M00224,STAT1,20846
V$STAT1_02_M00492,STAT1,20846
V$STAT1_03_M00496,STAT1,20846
V$STAT1_05_M01260,STAT1,20846
V$STAT1_Q6_M01823,STAT1,20846
V$STAT1STAT1_Q3_M01212,STAT1STAT1,20846
Stat3_MA0144.1,STAT3,20848
V$STAT3_01_M00225,STAT3,20848
V$STAT3_02_M00497,STAT3,20848
V$STAT3_03_M01595,STAT3,20848
V$STAT3STAT3_Q3_M01220,STAT3STAT3,20848
V$STAT4_01_M00498,STAT4,20849
V$STAT4_Q4_M01666,STAT4,20849
V$STAT4_Q5_M02117,STAT4,20849
V$STAT5A_01_M00457,STAT5A,20850
V$STAT5A_02_M00460,STAT5A,20850
V$STAT5A_03_M00493,STAT5A,20850
V$STAT5A_04_M00499,STAT5A,20850
V$STAT5A_Q6_M01890,STAT5A,20850
V$STAT5B_01_M00459,STAT5B,20851
V$STAT6_01_M00494,STAT6,20852
V$STAT6_02_M00500,STAT6,20852
V$BRACH_01_M00150,BRACH,20997
T_MA0009.1,T,20997
T_TBX_full_dimeric_16_1,T,20997
V$TAL1_01_M01591,TAL1,21349
V$TAL1_Q6_M00993,TAL1,21349
V$TAL1ALPHAE47_01_M00066,TAL1ALPHAE47,21349
V$TAL1BETAE47_01_M00065,TAL1BETAE47,21349
V$TAL1BETAITF2_01_M00070,TAL1BETAITF2,21349
TBX1_TBX_DBD_dimeric_19_1,TBX1,21380
TBX1_TBX_DBD_dimeric_20_1,TBX1,21380
TBX1_TBX_DBD_dimeric_20_2,TBX1,21380
TBX1_TBX_DBD_dimeric_23_1,TBX1,21380
TBX1_TBX_DBD_monomeric_8_1,TBX1,21380
V$TATA_01_M00252,TATA,21374
V$TATA_C_M00216,TATA,21374
Tbp.1,TBP,21374
Tbp.2,TBP,21374
TBP_MA0108.1,TBP,21374
TBP_MA0108.2,TBP,21374
V$TBP_01_M00471,TBP,21374
V$TBP_04_M02918,TBP,21374
V$TBP_06_M02814,TBP,21374
V$TBP_Q6_M00980,TBP,21374
TBX2_TBX_full_dimeric_18_1,TBX2,21385
TBX2_TBX_full_monomeric_11_1,TBX2,21385
TBX5_TBX_DBD_dimeric_20_1,TBX5,21388
TBX5_TBX_DBD_monomeric_8_1,TBX5,21388
V$TBX5_01_M01019,TBX5,21388
V$TBX5_02_M01020,TBX5,21388
V$TBX5_Q5_M01044,TBX5,21388
TBX15_TBX_DBD_dimeric_19_1,TBX15,21384
TBX15_TBX_DBD_monomeric_8_1,TBX15,21384
V$TBX15_01_M01263,TBX15,21384
V$TBX15_02_M01264,TBX15,21384
TCF4_bHLH_full_dimeric_10_1,TCF4,21413
V$TCF4_01_M01705,TCF4,21413
V$TCF4_Q5_01_M02033,TCF4,21413
V$TCF4_Q5_M00671,TCF4,21413
HNF1A_homeodomain_full_dimeric_15_1,HNF1A,21405
HNF1A_MA0046.1,HNF1A,21405
V$HNF1A_01_M02162,HNF1A,21405
V$HNF1A_Q5_M02013,HNF1A,21405
V$LEF1TCF1_Q4_M00978,LEF1TCF1,21405
Tcf1.2,TCF1,21405
Tcf1.3,TCF1,21405
V$TCF1_06_M02815,TCF1,21405
V$TCF1_07_M02919,TCF1,21405
HNF1B_homeodomain_full_dimeric_13_1,HNF1B,21410
HNF1B_homeodomain_full_dimeric_15_1,HNF1B,21410
HNF1B_MA0153.1,HNF1B,21410
V$HNF1B_01_M01425,HNF1B,21410
V$HNF1B_04_M02266,HNF1B,21410
Tcf2.1,TCF2,21410
V$E12_Q6_M00693,E12,21423
V$E2A_Q2_M00804,E2A,21423
V$E2A_Q6_01_M02088,E2A,21423
V$E2A_Q6_M00973,E2A,21423
V$E47_01_M00002,E47,21423
V$E47_02_M00071,E47,21423
Tcf3.1,TCF3,21423
Tcf3.2,TCF3,21423
TCF3_bHLH_DBD_dimeric_10_1,TCF3,21423
V$TCF3_01_M01594,TCF3,21423
V$TCF3_04_M02816,TCF3,21423
V$TCF3_05_M02920,TCF3,21423
Tcfe2a.1,TCFE2A,21423
Tcfe2a.2,TCFE2A,21423
V$TCFE2A_03_M02823,TCFE2A,21423
V$TCFE2A_04_M02927,TCFE2A,21423
Tcf7l2.1,TCF7L2,21416
Tcf7l2.2,TCF7L2,21416
V$TCF7L2_04_M02922,TCF7L2,21416
V$AREB6_01_M00412,AREB6,21417
V$AREB6_02_M00413,AREB6,21417
V$AREB6_03_M00414,AREB6,21417
V$AREB6_04_M00415,AREB6,21417
V$DELTAEF1_01_M00073,DELTAEF1,21417
ZEB1_MA0103.1,ZEB1,21417
V$HEB_Q6_M00698,HEB,21406
V$HTF4_Q2_M02018,HTF4,21406
Tcf21_bHLH_DBD_dimeric_14_1,TCF21,21412
MLX_bHLH_full_dimeric_10_1,MLX,21428
TEAD1_MA0090.1,TEAD1,21676
TEAD1_TEA_full_dimeric_17_1,TEAD1,21676
TEAD1_TEA_full_monomeric_10_1,TEAD1,21676
V$TEF1_Q6_03_M01817,TEF1,21676
V$TEF1_Q6_M00704,TEF1,21676
TEAD4_TEA_DBD_monomeric_10_1,TEAD4,21679
TEAD3_TEA_DBD_dimeric_17_1,TEAD3,21678
TEAD3_TEA_DBD_monomeric_8_1,TEAD3,21678
TEF_bZIP_DBD_dimeric_12_1,TEF,21685
V$TEF_01_M01305,TEF,21685
V$TEF_Q6_M00672,TEF,21685
V$TRF1_01_M01237,TRF1,21749
V$AP2_Q3_M00800,AP2,21418
V$AP2_Q6_01_M00915,AP2,21418
V$AP2_Q6_M00189,AP2,21418
V$AP2ALPHA_01_M00469,AP2ALPHA,21418
V$AP2ALPHA_02_M01045,AP2ALPHA,21418
V$AP2ALPHA_03_M01047,AP2ALPHA,21418
V$AP2ALPHA_Q6_M01857,AP2ALPHA,21418
V$AP4_01_M00005,AP4,21418
V$AP4_Q5_M00175,AP4,21418
V$AP4_Q6_01_M00927,AP4,21418
V$AP4_Q6_02_M01860,AP4,21418
V$AP4_Q6_M00176,AP4,21418
Tcfap2a.1,TCFAP2A,21418
Tcfap2a.2,TCFAP2A,21418
Tcfap2a_TFAP_DBD_dimeric_11_1,TCFAP2A,21418
Tcfap2a_TFAP_DBD_dimeric_12_1,TCFAP2A,21418
Tcfap2a_TFAP_DBD_dimeric_13_1,TCFAP2A,21418
V$TCFAP2A_03_M02819,TCFAP2A,21418
TFAP2A_MA0003.1,TFAP2A,21418
TFAP2A_TFAP_DBD_dimeric_11_1,TFAP2A,21418
TFAP2A_TFAP_DBD_dimeric_12_1,TFAP2A,21418
TFAP2A_TFAP_DBD_dimeric_13_1,TFAP2A,21418
V$AP2BETA_Q3_M01858,AP2BETA,21419
Tcfap2b.1,TCFAP2B,21419
Tcfap2b.2,TCFAP2B,21419
V$TCFAP2B_03_M02820,TCFAP2B,21419
V$TCFAP2B_04_M02924,TCFAP2B,21419
TFAP2B_TFAP_DBD_dimeric_11_1,TFAP2B,21419
TFAP2B_TFAP_DBD_dimeric_12_1,TFAP2B,21419
TFAP2B_TFAP_DBD_dimeric_13_1,TFAP2B,21419
V$AP2GAMMA_01_M00470,AP2GAMMA,21420
V$AP2GAMMA_Q5_M01859,AP2GAMMA,21420
Tcfap2c.1,TCFAP2C,21420
Tcfap2c.2,TCFAP2C,21420
V$TCFAP2C_03_M02821,TCFAP2C,21420
V$TCFAP2C_04_M02925,TCFAP2C,21420
TFAP2C_TFAP_full_dimeric_11_1,TFAP2C,21420
TFAP2C_TFAP_full_dimeric_12_1,TFAP2C,21420
TFAP2C_TFAP_full_dimeric_13_1,TFAP2C,21420
V$AP3_Q6_M00690,AP3,83383
TFAP4_bHLH_full_dimeric_10_1,TFAP4,83383
V$CP2_01_M00072,CP2,21422
V$CP2_02_M00947,CP2,21422
V$LBP1_Q6_M00644,LBP1,21422
TFCP2_CP2_full_dimeric_10_1,TFCP2,21422
TFCP2_CP2_full_dimer-of-dimers_16_1,TFCP2,21422
NR2F1_MA0017.1,NR2F1,13865
NR2F1_nuclearreceptor_DBD_dimeric_15_1,NR2F1,13865
NR2F1_nuclearreceptor_DBD_dimeric_16_1,NR2F1,13865
NR2F1_nuclearreceptor_DBD_monomeric_13_1,NR2F1,13865
NR2F1_nuclearreceptor_full_monomeric_8_1,NR2F1,13865
Nr2f2.1,NR2F2,11819
Nr2f2.2,NR2F2,11819
V$NR2F2_03_M02783,NR2F2,11819
V$NR2F2_04_M02887,NR2F2,11819
TFE3_bHLH_DBD_dimeric_10_1,TFE3,209446
V$TGIF_01_M00418,TGIF,21815
V$TGIF_02_M01346,TGIF,21815
Tgif1.1,TGIF1,21815
TGIF1_MEIS_DBD_dimeric_12_1,TGIF1,21815
V$TGIF1_01_M03111,TGIF1,21815
V$T3RALPHA_Q6_M01724,T3RALPHA,21833
THRA_nuclearreceptor_FL_dimeric_18_1,THRA,21833
V$T3RBETA_Q6_01_M02119,T3RBETA,21834
THRB_nuclearreceptor_DBD_dimeric_18_1,THRB,21834
THRB_nuclearreceptor_DBD_dimeric_19_1,THRB,21834
THRB_nuclearreceptor_DBD_dimeric_20_1,THRB,21834
V$NKX21_01_M01312,NKX21,21869
Titf1.1,TITF1,21869
V$TITF1_Q3_M00432,TITF1,21869
NR2E1_nuclearreceptor_full_dimeric_14_1,NR2E1,21907
NR2E1_nuclearreceptor_full_monomeric_9_1,NR2E1,21907
V$P53_01_M00034,P53,22059
V$P53_02_M00272,P53,22059
V$P53_03_M01651,P53,22059
V$P53_04_M01652,P53,22059
V$P53_05_M01655,P53,22059
V$P53_DECAMER_Q2_M00761,P53,22059
TP53_MA0106.1,TP53,22059
Tp53_p53l_DBD_dimeric_17_1,TP53,22059
Tp53_p53l_DBD_dimeric_18_1,TP53,22059
Tp53_p53l_DBD_dimeric_18_2,TP53,22059
Tp73_p53l_DBD_dimeric_18_1,TP73,22062
NR2C2_nuclearreceptor_DBD_dimeric_14_1,NR2C2,22026
V$TR4_01_M01776,TR4,22026
V$TR4_03_M01782,TR4,22026
V$TR4_Q2_M01725,TR4,22026
V$SOX40_04_M02908,TNFRSF4,22163
V$LXRB_RXRA_Q5_M02021,LXRB,22260
USF1_bHLH_DBD_dimeric_10_1,USF1,22278
USF1_MA0093.1,USF1,22278
V$USF_01_M00121,USF1,22278
V$USF_02_M00122,USF1,22278
V$USF_C_M00217,USF1,22278
V$USF_Q6_01_M00796,USF1,22278
V$USF_Q6_M00187,USF1,22278
V$USF2_Q6_M00726,USF2,22282
V$VBP_01_M00228,VBP,22327
V$VDR_Q3_M00444,VDR,22337
V$VDR_Q6_M00961,VDR,22337
VDR_nuclearreceptor_full_dimeric_16_1,VDR,22337
V$WT1_Q6_01_M02036,WT1,22431
V$WT1_Q6_M01118,WT1,22431
V$HTF_01_M00538,HTF,22433
V$XBP1_01_M00251,XBP1,22433
V$XBP1_02_M01770,XBP1,22433
XBP1_bZIP_DBD_dimeric_12_1,XBP1,22433
XBP1_bZIP_DBD_dimeric_14_1,XBP1,22433
V$YY1_01_M00059,YY1,22632
V$YY1_02_M00069,YY1,22632
V$YY1_03_M02044,YY1,22632
V$YY1_Q6_02_M01035,YY1,22632
V$YY1_Q6_03_M01894,YY1,22632
V$YY1_Q6_M00793,YY1,22632
YY1_C2H2_full_monomeric_11_1,YY1,22632
YY1_MA0095.1,YY1,22632
V$ZF5_01_M00716,ZF5,22666
V$ZF5_B_M00333,ZF5,22666
V$ZFP161_04_M02933,ZFP161,22666
Zfp161.1,ZFP161,22666
Zfp161.2,ZFP161,22666
V$ZFX_01_M01593,ZFX,22764
Zfx_MA0146.1,ZFX,22764
V$ZIC1_01_M00448,ZIC1,22771
V$ZIC1_04_M02835,ZIC1,22771
V$ZIC1_05_M02939,ZIC1,22771
Zic1.1,ZIC1,22771
Zic1.2,ZIC1,22771
ZIC1_C2H2_full_monomeric_14_1,ZIC1,22771
V$ZIC2_01_M00449,ZIC2,22772
V$ZIC2_04_M02836,ZIC2,22772
V$ZIC2_05_M02940,ZIC2,22772
Zic2.1,ZIC2,22772
Zic2.2,ZIC2,22772
V$ZIC3_01_M00450,ZIC3,22773
V$ZIC3_04_M02837,ZIC3,22773
V$ZIC3_05_M02941,ZIC3,22773
Zic3.1,ZIC3,22773
Zic3.2,ZIC3,22773
ZIC3_C2H2_full_monomeric_15_1,ZIC3,22773
V$ZFP128_03_M02828,ZFP128,243833
V$ZFP128_04_M02932,ZFP128,243833
Zfp128.1,ZFP128,243833
Zfp128.2,ZFP128,243833
V$ZFP105_03_M02827,ZFP105,22646
V$ZFP105_04_M02931,ZFP105,22646
Zfp105.1,ZFP105,22646
Zfp105.2,ZFP105,22646
MZF1_1-4_MA0056.1,MZF1,109889
MZF1_5-13_MA0057.1,MZF1,109889
V$MZF1_01_M00083,MZF1,109889
V$MZF1_02_M00084,MZF1,109889
V$MZF1_Q5_M01733,MZF1,109889
V$STAF_01_M00262,STAF,20841
V$STAF_02_M00264,STAF,20841
ZNF143_C2H2_DBD_monomeric_16_1,ZNF143,20841
znf143_MA0088.1,ZNF143,20841
V$PLZF_02_M01075,PLZF,235320
V$CACCCBINDINGFACTOR_Q6_M00721,CACCCBINDINGFACTOR,22661
V$ZBP89_Q4_M01816,ZBP89,22661
V$ZFP187_03_M02830,ZFP187,432731
V$ZFP187_04_M02934,ZFP187,432731
Zfp187.1,ZFP187,432731
Zfp187.2,ZFP187,432731
V$ZABC1_01_M01306,ZABC1,228913
V$PAX8_01_M00717,PAX8,18510
V$PAX8_B_M00328,PAX8,18510
V$TFE_Q6_M01029,TFE,21425
TFEB_bHLH_full_dimeric_10_1,TFEB,21425
V$TFEB_01_M01768,TFEB,21425
Mafk.1,MAFK,17135
Mafk.2,MAFK,17135
MAFK_bZIP_DBD_dimeric_21_1,MAFK,17135
MAFK_bZIP_full_dimeric_15_1,MAFK,17135
MAFK_bZIP_full_monomeric_12_1,MAFK,17135
V$MAFK_03_M02776,MAFK,17135
V$MAFK_04_M02880,MAFK,17135
V$MAFK_Q3_M02022,MAFK,17135
V$MTERF_01_M01245,MTERF,208595
Lhx3.1,LHX3,16871
Lhx3_MA0135.1,LHX3,16871
V$LHX3_01_M01471,LHX3,16871
V$LHX3_Q3_M02097,LHX3,16871
V$LHX3A_01_M00510,LHX3A,16871
V$LHX3b_01_M01971,LHX3B,16871
V$FRA1_Q5_M01267,FRA1,14283
V$FRA1_Q6_M02095,FRA1,14283
Alx1_homeodomain_DBD_dimeric_13_1,ALX1,216285
Alx1_homeodomain_DBD_monomeric_10_1,ALX1,216285
Eomes.1,EOMES,13813
Eomes.2,EOMES,13813
EOMES_TBX_DBD_dimeric_20_1,EOMES,13813
EOMES_TBX_DBD_monomeric_13_1,EOMES,13813
V$EOMES_03_M02747,EOMES,13813
V$EOMES_04_M02851,EOMES,13813
V$TBR2_01_M01774,TBR2,13813
V$GFI1B_01_M01058,GFI1B,14582
Sox14.1,SOX14,20669
Sox14.2,SOX14,20669
SOX14_HMG_DBD_dimeric_12_1,SOX14,20669
SOX14_HMG_DBD_dimeric_13_1,SOX14,20669
SOX14_HMG_DBD_dimeric_15_1,SOX14,20669
V$SOX14_03_M02798,SOX14,20669
V$SOX14_04_M02901,SOX14,20669
V$SOX14_05_M02902,SOX14,20669
ZNF282_C2H2_DBD_monomeric_17_1,ZNF282,101095
V$WHN_B_M00332,WHN,15218
V$FKLF_Q5_M01837,FKLF,194655
V$ETF_Q6_M00695,ETF,21677
V$GCM_Q2_M00634,GCM,14531
Gcm1.1,GCM1,14531
Gcm1.2,GCM1,14531
GCM1_GCM_DBD_monomeric_10_1,GCM1,14531
GCM1_GCM_full_dimeric_16_1,GCM1,14531
GCM1_GCM_full_monomeric_11_1,GCM1,14531
V$GCM1_03_M02758,GCM1,14531
V$GCM1_04_M02862,GCM1,14531
Barx2.1,BARX2,12023
V$BARX2_01_M01431,BARX2,12023
Bhlhb2.1,BHLHB2,20893
Bhlhb2.2,BHLHB2,20893
Bhlhb2_bHLH_DBD_dimeric_10_1,BHLHB2,20893
Bhlhb2_bHLH_DBD_monomeric_10_1,BHLHB2,20893
V$BHLHB2_04_M02845,BHLHB2,20893
Klf7.1,KLF7,93691
Klf7.2,KLF7,93691
V$KLF7_03_M02773,KLF7,93691
V$KLF7_04_M02877,KLF7,93691
V$P63_01_M01656,P63,22061
TP63_p53l_DBD_dimeric_18_1,TP63,22061
V$DR3_Q4_M00966,DR3,85030
V$DR4_Q2_M00965,DR4,21933
HESX1_homeodomain_DBD_dimeric_15_1,HESX1,15209
HESX1_homeodomain_DBD_monomeric_10_1,HESX1,15209
V$PXR_Q2_M00964,PXR,18171
Phox2b.1,PHOX2B,18935
PHOX2B_homeodomain_full_dimeric_11_1,PHOX2B,18935
V$PMX2B_01_M01356,PMX2B,18935
TBX19_TBX_DBD_dimeric_20_1,TBX19,83993
V$TBX18_01_M01262,TBX18,76365
MSC_bHLH_full_dimeric_10_1,MSC,17681
GCM2_GCM_DBD_monomeric_10_1,GCM2,107889
V$GKLF_02_M01588,GKLF,16600
V$GKLF_Q4_M01835,GKLF,16600
Klf4_MA0039.1,KLF4,16600
Klf4_MA0039.2,KLF4,16600
Lhx2.1,LHX2,16870
LHX2_homeodomain_DBD_dimeric_15_1,LHX2,16870
LHX2_homeodomain_DBD_monomeric_10_1,LHX2,16870
V$LHX2_01_M01325,LHX2,16870
V$OC2_Q3_M02112,OC2,225631
ONECUT2_CUT_DBD_monomeric_14_1,ONECUT2,225631
TBX4_TBX_DBD_dimeric_20_1,TBX4,21387
TBX4_TBX_DBD_monomeric_8_1,TBX4,21387
V$BEN_01_M01240,BEN,57080
V$BEN_02_M01241,BEN,57080
V$GTF2IRD1_01_M01229,GTF2IRD1,57080
CLOCK_bHLH_DBD_dimeric_10_1,CLOCK,12753
Sox13.1,SOX13,20668
Sox13.2,SOX13,20668
V$SOX13_03_M02797,SOX13,20668
Creb5_bZIP_DBD_dimeric_12_1,CREB5,231991
Cart1.2,CART1,22032
CART1_homeodomain_DBD_dimeric_13_1,CART1,22032
V$CART1_01_M00416,CART1,22032
V$CART1_02_M01362,CART1,22032
V$CART1_03_M01453,CART1,22032
Mafb.1,MAFB,16658
Mafb.2,MAFB,16658
Mafb_bZIP_DBD_dimeric_17_1,MAFB,16658
Mafb_bZIP_DBD_dimeric_18_1,MAFB,16658
Mafb_bZIP_DBD_monomeric_12_1,MAFB,16658
Mafb_MA0117.1,MAFB,16658
V$MAFB_01_M01227,MAFB,16658
V$MAFB_03_M02879,MAFB,16658
V$MAFB_05_M02775,MAFB,16658
V$FXR_IR1_Q6_M00767,FXR,20186
V$FXR_Q2_M01268,FXR,20186
V$FXR_Q3_M00631,FXR,20186
Nr2e3_MA0164.1,NR2E3,23958
V$PNR_01_M01650,PNR,23958
V$KAISO_01_M01119,KAISO,56805
V$LXR_DR4_Q3_M00766,LXR,22259
V$LXRA_RXRA_Q3_M00647,LXRA,22259
V$FPM315_01_M01587,FPM315,74120
V$CBF_01_M01079,CBF,12607
V$CBF_02_M01080,CBF,12607
V$COREBINDINGFACTOR_Q6_M00722,COREBINDINGFACTOR,12607
V$RNF96_01_M01199,RNF96,21849
OLIG2_bHLH_full_dimeric_10_1,OLIG2,50913
V$IK1_01_M00086,IK1,22778
V$LYF1_01_M00141,LYF1,22778
IRF9_IRF_full_trimeric_15_1,IRF9,16391
Isgf3g.1,ISGF3G,16391
Isgf3g.2,ISGF3G,16391
V$ISGF3G_03_M02771,ISGF3G,16391
V$ISGF4G_04_M02875,ISGF4G,16391
V$ISRE_01_M00258,ISRE,16391
V$RP58_01_M00532,RP58,30928
ZNF238_C2H2_full_monomeric_13_1,ZNF238,30928
Hoxb13.1,HOXB13,15408
HOXB13_homeodomain_DBD_monomeric_10_1,HOXB13,15408
HOXB13_homeodomain_DBD_monomeric_11_1,HOXB13,15408
V$HOXB13_01_M01467,HOXB13,15408
CREB3_bZIP_full_dimeric_14_1,CREB3,12913
V$DEAF1_01_M01001,DEAF1,54006
V$DEAF1_02_M01002,DEAF1,54006
V$DMRT2_01_M01147,DMRT2,226049
V$EKLF_Q5_M01874,EKLF,16596
CTCF_C2H2_full_monomeric_17_1,CTCF,13018
CTCF_MA0139.1,CTCF,13018
V$CTCF_01_M01200,CTCF,13018
V$CTCF_02_M01259,CTCF,13018
Gmeb1.1,GMEB1,56809
Gmeb1.2,GMEB1,56809
V$GMEB1_03_M02761,GMEB1,56809
V$GMEB1_04_M02865,GMEB1,56809
TBR1_TBX_DBD_monomeric_10_1,TBR1,21375
TBR1_TBX_full_monomeric_11_1,TBR1,21375
NFAT5_NFAT_DBD_dimeric_14_1,NFAT5,54446
Six2.1,SIX2,20472
V$SIX2_01_M01433,SIX2,20472
V$ZID_01_M00085,ZID,241322
Arid5a.1,ARID5A,214855
Arid5a.2,ARID5A,214855
V$ARID5A_03_M02736,ARID5A,214855
V$ARID5A_04_M02840,ARID5A,214855
ATF7_bZIP_DBD_dimeric_14_1,ATF7,223922
V$VAX1_01_M01397,VAX1,22326
Vax1.1,VAX1,22326
VAX1_homeodomain_DBD_monomeric_8_1,VAX1,22326
Sox30.1,SOX30,214105
Sox30.2,SOX30,214105
V$SOX30_03_M02804,SOX30,214105
PRDM4_C2H2_full_monomeric_13_1,PRDM4,72843
V$RPC155_01_M01798,RPC155,218832
Sox21.1,SOX21,223227
Sox21.2,SOX21,223227
SOX21_HMG_DBD_dimeric_13_2,SOX21,223227
SOX21_HMG_DBD_dimeric_15_1,SOX21,223227
SOX21_HMG_DBD_dimeric_16_1,SOX21,223227
V$SOX21_03_M02803,SOX21,223227
V$SOX21_04_M02907,SOX21,223227
V$AP2REP_01_M00468,AP2REP,16597
Klf12_C2H2_DBD_monomeric_15_1,KLF12,16597
TFEC_bHLH_DBD_dimeric_10_1,TFEC,21426
V$IK3_01_M00088,IK3,22780
V$HELIOSA_01_M01003,HELIOSA,22779
V$HELIOSA_02_M01004,HELIOSA,22779
V$IK2_01_M00087,IK2,22779
V$ATF5_01_M01295,ATF5,107503
Zfp652_C2H2_DBD_monomeric_13_1,ZFP652,268469
Foxj3.1,FOXJ3,230700
Foxj3.2,FOXJ3,230700
Foxj3_forkhead_DBD_dimeric_13_1,FOXJ3,230700
FOXJ3_forkhead_DBD_dimeric_14_1,FOXJ3,230700
Foxj3_forkhead_DBD_monomeric_8_1,FOXJ3,230700
Foxj3_forkhead_DBD_putatively-multimeric_11_1,FOXJ3,230700
V$FOXJ3_06_M02855,FOXJ3,230700
V$ATF6_01_M00483,ATF6,226641
V$MEF3_B_M00319,MEF3,170676
V$ROAZ_01_M00467,ROAZ,94187
Zfp423_MA0116.1,ZFP423,94187
HIC2_C2H2_DBD_monomeric_9_1,HIC2,58180
MGA_TBX_DBD_dimeric_18_1,MGA,29808
MGA_TBX_DBD_dimeric_18_2,MGA,29808
MGA_TBX_DBD_monomeric_8_1,MGA,29808
CUX2_CUT_DBD_dimeric_18_1,CUX2,13048
CUX2_CUT_DBD_monomeric_10_1,CUX2,13048
Otp.1,OTP,18420
V$OTP_01_M01323,OTP,18420
HEY1_bHLH_DBD_dimeric_10_1,HEY1,15213
HEY2_bHLH_full_dimeric_10_1,HEY2,15214
V$ZFP281_01_M01597,ZFP281,226442
V$ZFP281_04_M02831,ZFP281,226442
V$ZFP281_05_M02935,ZFP281,226442
Zfp281.1,ZFP281,226442
Zfp281.2,ZFP281,226442
V$MAZR_01_M00491,MAZR,56218
MAFF_bZIP_DBD_dimeric_15_1,MAFF,17133
V$PDEF_01_M02040,PDEF,30051
V$PDEF_02_M02075,PDEF,30051
Spdef.1,SPDEF,30051
Spdef.2,SPDEF,30051
SPDEF_ETS_full_monomeric_11_1,SPDEF,30051
SPDEF_ETS_full_putative-multimer_15_1,SPDEF,30051
SPDEF_ETS_full_putative-multimer_16_1,SPDEF,30051
V$SPDEF_03_M02811,SPDEF,30051
V$SPDEF_04_M02915,SPDEF,30051
V$VAX2_01_M01327,VAX2,24113
Vax2.1,VAX2,24113
VAX2_homeodomain_DBD_monomeric_8_1,VAX2,24113
Pou2f3.1,POU2F3,18988
POU2F3_POU_DBD_dimeric_12_1,POU2F3,18988
POU2F3_POU_DBD_monomeric_9_1,POU2F3,18988
V$POU2F3_01_M01476,POU2F3,18988
HINFP1_C2H2_full_dimeric_19_1,HINFP1,102423
HINFP1_C2H2_full_dimeric_20_1,HINFP1,102423
HINFP1_C2H2_full_monomeric_12_1,HINFP1,102423
MIZF_MA0131.1,MIZF,102423
V$MIZF_01_M01182,MIZF,102423
GMEB2_SAND_DBD_dimeric_8_2,GMEB2,229004
GMEB2_SAND_DBD_dimer-of-dimers_14_1,GMEB2,229004
GMEB2_SAND_DBD_dimer-of-dimers_15_1,GMEB2,229004
NKX2-8_homeodomain_full_monomeric_9_1,NKX2-8,18094
V$NKX29_01_M01352,NKX29,18094
Nkx2-9.1,NKX2-9,18094
Ehf.1,EHF,13661
Ehf.2,EHF,13661
Ehf.3,EHF,13661
EHF_ETS_full_monomeric_12_1,EHF,13661
V$EHF_02_M01974,EHF,13661
V$EHF_03_M02052,EHF,13661
V$EHF_06_M02745,EHF,13661
V$EHF_07_M02849,EHF,13661
Lhx6.1,LHX6,16874
LHX6_homeodomain_full_dimeric_12_1,LHX6,16874
LHX6_homeodomain_full_dimeric_16_1,LHX6,16874
LHX6_homeodomain_full_monomeric_10_1,LHX6,16874
V$LHX61_01_M01314,LHX61,16874
V$LHX61_02_M01422,LHX61,16874
Hbp1.1,HBP1,73389
Hbp1.2,HBP1,73389
V$HBP1_03_M02762,HBP1,73389
V$HBP1_04_M02866,HBP1,73389
V$HBP1_Q2_M01661,HBP1,73389
FOXD3_forkhead_DBD_dimeric_14_1,FOXD3,15221
FOXD3_forkhead_DBD_monomeric_7_1,FOXD3,15221
Foxd3_MA0041.1,FOXD3,15221
V$FOXD3_01_M00130,FOXD3,15221
FOXB1_forkhead_DBD_dimeric_18_1,FOXB1,64290
FOXB1_forkhead_DBD_monomeric_11_1,FOXB1,64290
FOXB1_forkhead_DBD_putative-multimer_14_1,FOXB1,64290
FOXB1_forkhead_full_monomeric_9_1,FOXB1,64290
BHLHE22_bHLH_DBD_dimeric_12_1,BHLHE22,59058
V$KLF15_Q2_M01714,KLF15,66277
GRHL1_CP2_DBD_dimeric_10_1,GRHL1,195733
GRHL1_CP2_DBD_dimer-of-dimers_17_1,GRHL1,195733
GRHL1_CP2_full_dimeric_12_1,GRHL1,195733
V$LBP9_01_M01592,LBP9,81879
Tcfcp2l1_MA0145.1,TCFCP2L1,81879
TBX21_TBX_full_dimeric_16_1,TBX21,57765
TBX21_TBX_full_dimeric_19_1,TBX21,57765
TBX21_TBX_full_monomeric_10_1,TBX21,57765
Rax.1,RAX,19434
RAX_homeodomain_DBD_monomeric_10_1,RAX,19434
V$RAX_01_M01389,RAX,19434
Sox8.1,SOX8,20681
Sox8.2,SOX8,20681
SOX8_HMG_DBD_dimeric_14_1,SOX8,20681
SOX8_HMG_DBD_dimeric_16_1,SOX8,20681
SOX8_HMG_full_dimeric_13_1,SOX8,20681
SOX8_HMG_full_dimeric_15_1,SOX8,20681
SOX8_HMG_full_dimeric_17_1,SOX8,20681
V$SOX8_03_M02808,SOX8,20681
V$SOX8_04_M02912,SOX8,20681
V$VSX1_01_M01335,VSX1,114889
Vsx1.1,VSX1,114889
Vsx1_homeodomain_DBD_monomeric_8_1,VSX1,114889
VSX1_homeodomain_DBD_monomeric_8_1,VSX1,114889
VSX1_homeodomain_full_monomeric_11_1,VSX1,114889
V$KID3_01_M01160,KID3,30944
ZNF354C_MA0130.1,ZNF354C,30944
Irx4.1,IRX4,50916
V$IRX4_01_M01410,IRX4,50916
FOXP3_forkhead_DBD_monomeric_7_1,FOXP3,20371
V$FOXP3_01_M01599,FOXP3,20371
V$FOXP3_Q4_M00992,FOXP3,20371
V$TBX22_01_M01195,TBX22,245572
V$CKROX_Q2_M01175,CKROX,22724
V$ZBTB7B_03_M02826,ZBTB7B,22724
V$ZBTB7B_04_M02930,ZBTB7B,22724
Zbtb7b.1,ZBTB7B,22724
Zbtb7b.2,ZBTB7B,22724
ZBTB7B_C2H2_full_monomeric_12_1,ZBTB7B,22724
V$ZFP691_03_M02833,ZFP691,195522
V$ZFP691_04_M02937,ZFP691,195522
Zfp691.1,ZFP691,195522
Zfp691.2,ZFP691,195522
MLXIPL_bHLH_full_dimeric_10_1,MLXIPL,58805
V$ING4_01_M01743,ING4,28019
Lef1.1,LEF1,16842
Lef1.2,LEF1,16842
LEF1_HMG_DBD_monomeric_15_1,LEF1,16842
V$LEF1_03_M02878,LEF1,16842
V$LEF1_04_M02774,LEF1,16842
V$LEF1_Q2_01_M01022,LEF1,16842
V$LEF1_Q2_M00805,LEF1,16842
V$LEF1_Q5_M02019,LEF1,16842
V$ZNF219_01_M01122,ZNF219,69890
V$LRF_Q2_M01100,LRF,16969
ZBTB7A_C2H2_DBD_monomeric_12_1,ZBTB7A,16969
Prrx2.1,PRRX2,20204
PRRX2_homeodomain_full_monomeric_8_1,PRRX2,20204
Prrx2_MA0075.1,PRRX2,20204
V$PRX2_Q2_M02115,PRX2,20204
V$S8_01_M00099,PRRX2,20204
V$S8_02_M01376,PRRX2,20204
V$SIRT6_01_M01797,SIRT6,50721
V$BTEB3_Q5_M01865,BTEB3,50794
KLF13_C2H2_full_monomeric_18_1,KLF13,50794
Six4.1,SIX4,20474
V$SIX4_01_M01374,SIX4,20474
Sox18.1,SOX18,20672
Sox18.2,SOX18,20672
SOX18_HMG_full_dimeric_15_1,SOX18,20672
SOX18_HMG_full_dimeric_15_3,SOX18,20672
V$SOX18_03_M02801,SOX18,20672
V$SOX18_04_M02905,SOX18,20672
FEV_ETS_DBD_monomeric_10_1,FEV,260298
FEV_MA0156.1,FEV,260298
V$FEV_01_M02269,FEV,260298
V$PET1_01_M02037,PET1,260298
V$PET1_02_M02072,PET1,260298
BATF3_bZIP_DBD_dimeric_14_1,BATF3,381319
FOXJ2_forkhead_DBD_dimeric_13_1,FOXJ2,60611
FOXJ2_forkhead_DBD_dimeric_14_1,FOXJ2,60611
FOXJ2_forkhead_DBD_monomeric_8_1,FOXJ2,60611
V$FOXJ2_01_M00422,FOXJ2,60611
V$FOXJ2_02_M00423,FOXJ2,60611
V$BDP1_01_M01796,BDP1,544971
MESP1_bHLH_DBD_dimeric_10_1,MESP1,17292
Barx1.1,BARX1,12022
BARX1_homeodomain_DBD_dimeric_17_1,BARX1,12022
BARX1_homeodomain_DBD_monomeric_8_1,BARX1,12022
V$BARX1_01_M01340,BARX1,12022
Barhl1.1,BARHL1,54422
Barhl1_homeodomain_DBD_dimeric_16_1,BARHL1,54422
Barhl1_homeodomain_DBD_monomeric_10_1,BARHL1,54422
V$BARHL1_01_M01332,BARHL1,54422
Meis3_MEIS_DBD_dimeric_12_1,MEIS3,17537
Meis3_MEIS_DBD_monomeric_7_1,MEIS3,17537
MEIS3_MEIS_DBD_monomeric_8_1,MEIS3,17537
Mrg2.1,MRG2,17537
V$MRG2_01_M01395,MRG2,17537
Lhx9.1,LHX9,16876
LHX9_homeodomain_DBD_dimeric_13_1,LHX9,16876
LHX9_homeodomain_DBD_monomeric_8_1,LHX9,16876
V$LHX9_01_M01367,LHX9,16876
Bbx.1,BBX,70508
Bbx.2,BBX,70508
V$BBX_03_M02739,BBX,70508
V$BBX_04_M02843,BBX,70508
TBX20_TBX_DBD_dimeric_19_1,TBX20,57246
TBX20_TBX_DBD_monomeric_15_1,TBX20,57246
TBX20_TBX_full_dimeric_16_1,TBX20,57246
TBX20_TBX_full_monomeric_11_1,TBX20,57246
Homez.1,HOMEZ,239099
HOMEZ_HOMEZ_DBD_monomer-or-dimer_12_1,HOMEZ,239099
V$HOMEZ_01_M01429,HOMEZ,239099
V$ZBTB4_04_M02929,ZBTB4,75580
V$ZFP410_03_M02832,ZFP410,52708
V$ZFP410_04_M02936,ZFP410,52708
Zfp410.1,ZFP410,52708
Zfp410.2,ZFP410,52708
ZNF410_C2H2_DBD_monomeric_17_1,ZNF410,52708
V$MOVOB_01_M01104,MOVOB,107586
V$DMRT3_01_M01148,DMRT3,240590
Tgif2.1,TGIF2,228839
TGIF2_MEIS_DBD_dimeric_12_1,TGIF2,228839
V$TGIF2_01_M01407,TGIF2,228839
V$BACH2_01_M00490,BACH2,12014
Alx4.1,ALX4,11695
Alx4_homeodomain_DBD_dimeric_13_1,ALX4,11695
V$ALX4_01_M00619,ALX4,11695
V$ALX4_02_M01417,ALX4,11695
V$ALX4_03_M02944,ALX4,11695
Pknox2.1,PKNOX2,208076
Pknox2_MEIS_DBD_dimeric_12_1,PKNOX2,208076
V$PKNOX2_01_M01411,PKNOX2,208076
V$DMRT7_01_M01151,DMRTC2,71241
V$DMRT5_01_M01150,DMRTA2,242620
V$DMRT4_01_M01149,DMRT4,242523
NEUROG2_bHLH_full_dimeric_10_1,NEUROG2,11924
Lhx5.1,LHX5,16873
V$LHX5_01_M01353,LHX5,16873
Sox17.1,SOX17,20671
Sox17.2,SOX17,20671
Sox17_HMG_DBD_dimeric_15_1,SOX17,20671
Sox17_HMG_DBD_dimeric_15_2,SOX17,20671
Sox17_MA0078.1,SOX17,20671
V$SOX17_01_M01016,SOX17,20671
V$SOX17_04_M02904,SOX17,20671
V$GZF1_01_M01069,GZF1,74533
CPEB1_RRM_full_monomeric_8_1,CPEB1,12877
Creb3l2_bZIP_DBD_dimeric_12_1,CREB3L2,208647
Creb3l2_bZIP_DBD_dimeric_13_1,CREB3L2,208647
Isl2.1,ISL2,104360
ISL2_homeodomain_DBD_monomeric_8_1,ISL2,104360
V$ISL2_01_M01328,ISL2,104360
V$ISL2_02_M02079,ISL2,104360
V$ISL2_03_M02080,ISL2,104360
V$ISL2_04_M02081,ISL2,104360
V$ISL2_05_M02082,ISL2,104360
Rfxdc2.2,RFXDC2,319758
V$RFXDC2_03_M02790,RFXDC2,319758
V$RFXDC2_04_M02894,RFXDC2,319758
Irx6.1,IRX6,64379
V$IRXB3_01_M01377,IRXB3,64379
Irx3.2,IRX3,16373
Irx3_homeodomain_DBD_dimeric_12_1,IRX3,16373
V$IRX3_01_M01318,IRX3,16373
V$IRX3_02_M01485,IRX3,16373
Hmbox1.1,HMBOX1,219150
HMBOX1_homeodomain_DBD_monomeric_10_1,HMBOX1,219150
V$HMBOX1_01_M01456,HMBOX1,219150
E2F8_E2F_DBD_dimeric_12_1,E2F8,108961
V$ZBTB3_03_M02825,ZBTB3,75291
Zbtb3.1,ZBTB3,75291
Zbtb3.2,ZBTB3,75291
V$NANOG_01_M01123,NANOG,71950
V$NANOG_02_M01247,NANOG,71950
ZNF306_C2H2_full_monomeric_14_1,ZNF306,72739
TCF7L1_HMG_full_monomeric_12_1,TCF7L1,21415
SCRT1_C2H2_DBD_monomeric_15_1,SCRT1,170729
Sox7.1,SOX7,20680
Sox7.2,SOX7,20680
SOX7_HMG_full_dimeric_16_1,SOX7,20680
SOX7_HMG_full_dimeric_17_1,SOX7,20680
SOX7_HMG_full_dimeric_17_2,SOX7,20680
V$SOX7_03_M02807,SOX7,20680
V$SOX7_04_M02911,SOX7,20680
MIXL1_homeodomain_full_monomeric_10_1,MIXL1,27217
ZIC4_C2H2_DBD_monomeric_15_1,ZIC4,22774
V$MRF2_01_M00454,MRF2,71371
V$NKX62_Q2_M00489,NKX62,14912
NKX6-2_homeodomain_full_monomeric_8_1,NKX6-2,14912
Spz1_MA0111.1,SPZ1,79401
V$SPZ1_01_M00446,SPZ1,79401
Glis2.1,GLIS2,83396
Glis2.2,GLIS2,83396
GLIS2_C2H2_DBD_monomeric_14_1,GLIS2,83396
V$GLIS2_03_M02759,GLIS2,83396
V$GLIS2_04_M02863,GLIS2,83396
HES7_bHLH_DBD_dimeric_12_1,HES7,84653
V$ZFP206_01_M01742,ZFP206,332221
Lbx2.1,LBX2,16815
LBX2_homeodomain_DBD_dimeric_13_1,LBX2,16815
LBX2_homeodomain_DBD_monomeric_10_1,LBX2,16815
V$LBX2_01_M01401,LBX2,16815
SCRT2_C2H2_DBD_monomeric_13_1,SCRT2,545474
Lhx4.1,LHX4,16872
Lhx4_homeodomain_DBD_monomeric_8_1,LHX4,16872
V$LHX4_01_M01421,LHX4,16872
V$ZEC_01_M01081,ZEC,232816
TGIF2LX_MEIS_full_dimeric_12_1,TGIF2LX,245583
CREB3L1_bZIP_full_dimeric_12_1,CREB3L1,26427
CREB3L1_bZIP_full_dimeric_14_1,CREB3L1,26427
Isx.1,ISX,71597
ISX_homeodomain_DBD_dimeric_13_1,ISX,71597
ISX_homeodomain_full_monomeric_8_1,ISX,71597
V$ISX_01_M01331,ISX,71597
V$CHCH_01_M00986,CHCH,211151
Foxq1_MA0040.1,FOXQ1,15220
V$HFH1_01_M00129,HFH1,15220
V$HEN1_01_M00068,HEN1,66715
V$HEN1_02_M00058,HEN1,66715
Osr2.1,OSR2,107587
Osr2.2,OSR2,107587
V$OSR2_03_M02785,OSR2,107587
V$OSR2_04_M02889,OSR2,107587
OLIG1_bHLH_DBD_dimeric_10_1,OLIG1,50914
V$GM497_04_M02864,GM497,71007
Dbx1.1,DBX1,13172
V$DBX1_01_M01483,DBX1,13172
Spic.1,SPIC,20728
SPIC_ETS_full_monomeric_14_1,SPIC,20728
V$SPIC_01_M02042,SPIC,20728
V$SPIC_02_M02077,SPIC,20728
JDP2_bZIP_full_dimeric_12_1,JDP2,81703
JDP2_bZIP_full_dimeric_9_1,JDP2,81703
Jundm2.1,JUNDM2,81703
Dmbx1.1,DMBX1,140477
DMBX1_homeodomain_DBD_monomeric_10_1,DMBX1,140477
BHLHE23_bHLH_DBD_dimeric_10_1,BHLHE23,140489
Osr1.1,OSR1,23967
Osr1.2,OSR1,23967
V$OSR1_03_M02784,OSR1,23967
V$OSR1_04_M02888,OSR1,23967
V$REX1_01_M01695,REX1,22702
V$REX1_02_M01696,REX1,22702
V$REX1_03_M01744,REX1,22702
Nobox_MA0125.1,NOBOX,18291
V$OG2_01_M01162,OG2,18291
V$OG2_02_M01441,OG2,18291
Og2x.1,OG2X,18291
KLF14_C2H2_DBD_monomeric_14_1,KLF14,619665
V$NKX26_01_M01322,NKX26,18092
Nkx2-6.1,NKX2-6,18092
Hdx.1,HDX,245596
V$HDX_01_M01333,HDX,245596
Gata5.1,GATA5,14464
Gata5.2,GATA5,14464
GATA5_GATA_DBD_monomeric_8_1,GATA5,14464
V$GATA5_03_M02756,GATA5,14464
V$GATA5_04_M02860,GATA5,14464
V$GATA5_Q4_M02006,GATA5,14464
E2F7_E2F_DBD_dimeric_14_1,E2F7,52679
Gsc.1,GSC,14836
GSC_homeodomain_full_monomeric_10_1,GSC,14836
V$GSC_01_M01428,GSC,14836
ZNF524_C2H2_full_dimeric_12_1,ZNF524,66056
ZNF524_C2H2_full_monomeric_14_1,ZNF524,66056
ZNF784_C2H2_full_monomeric_10_1,ZNF784,654801
GLIS1_C2H2_DBD_monomeric_16_1,GLIS1,230587
Irx2.1,IRX2,16372
IRX2_homeodomain_DBD_dimeric_12_1,IRX2,16372
V$IRX2_01_M01405,IRX2,16372
V$NKX23_01_M01457,NKX23,18089
Nkx2-3.1,NKX2-3,18089
NKX2-3_homeodomain_full_monomeric_10_1,NKX2-3,18089
ZBTB49_C2H2_DBD_monomeric_17_1,ZBTB49,75079
OLIG3_bHLH_DBD_dimeric_10_1,OLIG3,94222
BHLHA15_bHLH_DBD_dimeric_10_1,BHLHA15,17341
GLIS3_C2H2_DBD_monomeric_14_1,GLIS3,226075
V$ZNF515_01_M01231,ZNF515,226075
Arx.1,ARX,11878
Arx_homeodomain_DBD_dimeric_13_1,ARX,11878
V$ARX_01_M01423,ARX,11878
V$ARX_02_M02945,ARX,11878
Gsh2.1,GSH2,14843
V$GSH2_01_M01326,GSH2,14843
GSX2_homeodomain_DBD_monomeric_10_1,GSX2,14843
V$CIZ_01_M00734,CIZ,269800
V$STRA13_01_M00985,STRA13,20892
ZBTB7C_C2H2_full_monomeric_12_1,ZBTB7C,207259
GSX1_homeodomain_DBD_monomeric_10_1,GSX1,14842
V$ZBTB12_03_M02824,ZBTB12,193736
V$ZBTB12_04_M02928,ZBTB12,193736
Zbtb12.1,ZBTB12,193736
Zbtb12.2,ZBTB12,193736
SP8_C2H2_DBD_monomeric_12_1,SP8,320145
Foxk1.1,FOXK1,17425
Foxk1.2,FOXK1,17425
Foxk1_forkhead_DBD_monomeric_7_1,FOXK1,17425
FOXK1_forkhead_DBD_putatively-multimeric_10_1,FOXK1,17425
Foxk1_forkhead_DBD_putatively-multimeric_11_1,FOXK1,17425
V$FOXK1_03_M02752,FOXK1,17425
V$FOXK1_04_M02856,FOXK1,17425
Bcl6b.1,BCL6B,12029
Bcl6b.2,BCL6B,12029
BCL6B_C2H2_DBD_monomeric_17_1,BCL6B,12029
V$BCL6B_03_M02740,BCL6B,12029
V$BCL6B_04_M02844,BCL6B,12029
V$CHX10_01_M00437,CHX10,12677
VSX2_homeodomain_DBD_monomeric_8_1,VSX2,12677
Tcfap2e.1,TCFAP2E,332937
Tcfap2e.2,TCFAP2E,332937
V$TCFAP2E_03_M02822,TCFAP2E,332937
V$TCFAP2E_04_M02926,TCFAP2E,332937
Uncx_homeodomain_DBD_dimeric_13_1,UNCX,22255
Uncx_homeodomain_DBD_monomeric_8_1,UNCX,22255
Uncx4.1,UNCX4,22255
V$UNCX4.1_01_M01458,UNCX4,22255
Hmx3.1,HMX3,15373
HMX3_homeodomain_DBD_monomeric_11_1,HMX3,15373
V$HMX3_02_M01413,HMX3,15373
Barhl2.1,BARHL2,104382
BARHL2_homeodomain_full_dimeric_16_1,BARHL2,104382
BARHL2_homeodomain_full_monomeric_10_1,BARHL2,104382
V$BARHL2_01_M01446,BARHL2,104382
FIGLA_bHLH_DBD_dimeric_10_1,FIGLA,26910
NOTO_homeodomain_DBD_monomeric_10_1,NOTO,384452
Evx2.1,EVX2,14029
EVX2_homeodomain_DBD_monomeric_10_1,EVX2,14029
V$EVX2_01_M01386,EVX2,14029
HES5_bHLH_DBD_dimeric_12_1,HES5,15208
V$LMAF_Q2_M01139,LMAF,378435
V$MAFA_Q4_01_M01709,MAFA,378435
V$NKX12_01_M01427,NKX12,20231
Nkx1-2.1,NKX1-2,20231
Bsx.1,BSX,244813
BSX_homeodomain_DBD_monomeric_8_1,BSX,244813
V$BSX_01_M01442,BSX,244813
Gm4881.1,GM4881,232974
V$YY2_M01694,YY2,100073351
YY2_C2H2_full_dimeric_12_1,YY2,100073351
YY2_C2H2_full_monomeric_11_1,YY2,100073351
Lhx8.1,LHX8,16875
Lhx8_homeodomain_DBD_dimeric_12_1,LHX8,16875
Lhx8_homeodomain_DBD_dimeric_18_1,LHX8,16875
Lhx8_homeodomain_DBD_monomeric_8_1,LHX8,16875
V$LHX8_01_M01440,LHX8,16875
Dbx2.1,DBX2,223843
V$DBX2_01_M01360,DBX2,223843
V$NKX24_01_M01350,NKX24,228731
Nkx2-4.1,NKX2-4,228731
FOXO6_forkhead_DBD_dimeric_14_1,FOXO6,329934
FOXO6_forkhead_DBD_monomeric_7_1,FOXO6,329934
FOXO6_forkhead_DBD_putatively-multimeric_14_1,FOXO6,329934
V$ZBED6_01_M01598,ZBED6,667118