SOX10_HMG_full_dimeric_16_1,204851
SOX10_HMG_full_dimeric_16_1,8289
SOX10_HMG_full_dimeric_16_1,8317
SOX10_HMG_full_dimeric_16_1,8458
SOX10_HMG_full_dimeric_16_1,8476
SOX10_HMG_full_dimeric_16_1,8503
SOX10_HMG_full_dimeric_16_1,8564
SOX10_HMG_full_dimeric_16_1,375
SOX10_HMG_full_dimeric_16_1,481
SOX10_HMG_full_dimeric_16_1,115209
SOX10_HMG_full_dimeric_16_1,607
SOX10_HMG_full_dimeric_16_1,440567
SOX10_HMG_full_dimeric_16_1,8915
SOX10_HMG_full_dimeric_16_1,8995
SOX10_HMG_full_dimeric_16_1,148345
SOX10_HMG_full_dimeric_16_1,353238
SOX10_HMG_full_dimeric_16_1,1063
SOX10_HMG_full_dimeric_16_1,1163
SOX10_HMG_full_dimeric_16_1,58511
SOX10_HMG_full_dimeric_16_1,25802
SOX10_HMG_full_dimeric_16_1,9447
SOX10_HMG_full_dimeric_16_1,9462
SOX10_HMG_full_dimeric_16_1,148738
SOX10_HMG_full_dimeric_16_1,25893
SOX10_HMG_full_dimeric_16_1,1382
SOX10_HMG_full_dimeric_16_1,25973
SOX10_HMG_full_dimeric_16_1,9635
SOX10_HMG_full_dimeric_16_1,1513
SOX10_HMG_full_dimeric_16_1,116228
SOX10_HMG_full_dimeric_16_1,9829
SOX10_HMG_full_dimeric_16_1,26232
SOX10_HMG_full_dimeric_16_1,9928
SOX10_HMG_full_dimeric_16_1,23507
SOX10_HMG_full_dimeric_16_1,51022
SOX10_HMG_full_dimeric_16_1,10218
SOX10_HMG_full_dimeric_16_1,93185
SOX10_HMG_full_dimeric_16_1,2134
SOX10_HMG_full_dimeric_16_1,2152
SOX10_HMG_full_dimeric_16_1,2170
SOX10_HMG_full_dimeric_16_1,51377
SOX10_HMG_full_dimeric_16_1,84196
SOX10_HMG_full_dimeric_16_1,51430
SOX10_HMG_full_dimeric_16_1,2327
SOX10_HMG_full_dimeric_16_1,84320
SOX10_HMG_full_dimeric_16_1,26994
SOX10_HMG_full_dimeric_16_1,51603
SOX10_HMG_full_dimeric_16_1,10657
SOX10_HMG_full_dimeric_16_1,2494
SOX10_HMG_full_dimeric_16_1,10753
SOX10_HMG_full_dimeric_16_1,2635
SOX10_HMG_full_dimeric_16_1,10962
SOX10_HMG_full_dimeric_16_1,2780
SOX10_HMG_full_dimeric_16_1,84722
SOX10_HMG_full_dimeric_16_1,84919
SOX10_HMG_full_dimeric_16_1,84950
SOX10_HMG_full_dimeric_16_1,84966
SOX10_HMG_full_dimeric_16_1,11315
SOX10_HMG_full_dimeric_16_1,149345
SOX10_HMG_full_dimeric_16_1,391013
SOX10_HMG_full_dimeric_16_1,257177
SOX10_HMG_full_dimeric_16_1,3399
SOX10_HMG_full_dimeric_16_1,142683
SOX10_HMG_full_dimeric_16_1,93611
SOX10_HMG_full_dimeric_16_1,388585
SOX10_HMG_full_dimeric_16_1,3756
SOX10_HMG_full_dimeric_16_1,2005
SOX10_HMG_full_dimeric_16_1,4070
SOX10_HMG_full_dimeric_16_1,4184
SOX10_HMG_full_dimeric_16_1,127731
SOX10_HMG_full_dimeric_16_1,4893
SOX10_HMG_full_dimeric_16_1,4921
SOX10_HMG_full_dimeric_16_1,4998
SOX10_HMG_full_dimeric_16_1,128229
SOX10_HMG_full_dimeric_16_1,29957
SOX10_HMG_full_dimeric_16_1,5511
SOX10_HMG_full_dimeric_16_1,10487
SOX10_HMG_full_dimeric_16_1,5737
SOX10_HMG_full_dimeric_16_1,5792
SOX10_HMG_full_dimeric_16_1,5825
SOX10_HMG_full_dimeric_16_1,5876
SOX10_HMG_full_dimeric_16_1,55052
SOX10_HMG_full_dimeric_16_1,55187
SOX10_HMG_full_dimeric_16_1,55194
SOX10_HMG_full_dimeric_16_1,55283
SOX10_HMG_full_dimeric_16_1,79894
SOX10_HMG_full_dimeric_16_1,79961
SOX10_HMG_full_dimeric_16_1,6262
SOX10_HMG_full_dimeric_16_1,6464
SOX10_HMG_full_dimeric_16_1,22854
SOX10_HMG_full_dimeric_16_1,55624
SOX10_HMG_full_dimeric_16_1,22926
SOX10_HMG_full_dimeric_16_1,6566
SOX10_HMG_full_dimeric_16_1,23028
SOX10_HMG_full_dimeric_16_1,6723
SOX10_HMG_full_dimeric_16_1,6738
SOX10_HMG_full_dimeric_16_1,6884
SOX10_HMG_full_dimeric_16_1,6913
SOX10_HMG_full_dimeric_16_1,343035
SOX10_HMG_full_dimeric_16_1,23566
SOX10_HMG_full_dimeric_16_1,7203
SOX10_HMG_full_dimeric_16_1,25782
SOX10_HMG_full_dimeric_16_1,23632
SOX10_HMG_full_dimeric_16_1,23633
SOX10_HMG_full_dimeric_16_1,64710
SOX10_HMG_full_dimeric_16_1,64744
SOX10_HMG_full_dimeric_16_1,56882
SOX10_HMG_full_dimeric_16_1,7780
SOX10_HMG_full_dimeric_16_1,56957
SOX10_HMG_full_dimeric_16_1,81609
SOX10_HMG_full_dimeric_16_1,81849
SOX10_HMG_full_dimeric_16_1,729059
SOX10_HMG_full_dimeric_16_1,200728
SOX10_HMG_full_dimeric_16_1,51072
SOX10_HMG_full_dimeric_16_1,6241
SOX10_HMG_full_dimeric_16_1,114793
SOX10_HMG_full_dimeric_16_1,92291
SOX10_HMG_full_dimeric_16_1,8324
SOX10_HMG_full_dimeric_16_1,2181
SOX10_HMG_full_dimeric_16_1,4249
SOX10_HMG_full_dimeric_16_1,391365
SOX10_HMG_full_dimeric_16_1,8491
SOX10_HMG_full_dimeric_16_1,284996
SOX10_HMG_full_dimeric_16_1,80204
SOX10_HMG_full_dimeric_16_1,4430
SOX10_HMG_full_dimeric_16_1,338
SOX10_HMG_full_dimeric_16_1,493911
SOX10_HMG_full_dimeric_16_1,8540
SOX10_HMG_full_dimeric_16_1,51594
SOX10_HMG_full_dimeric_16_1,51601
SOX10_HMG_full_dimeric_16_1,22930
SOX10_HMG_full_dimeric_16_1,8609
SOX10_HMG_full_dimeric_16_1,285093
SOX10_HMG_full_dimeric_16_1,471
SOX10_HMG_full_dimeric_16_1,23040
SOX10_HMG_full_dimeric_16_1,375298
SOX10_HMG_full_dimeric_16_1,55818
SOX10_HMG_full_dimeric_16_1,2591
SOX10_HMG_full_dimeric_16_1,10791
SOX10_HMG_full_dimeric_16_1,6711
SOX10_HMG_full_dimeric_16_1,6716
SOX10_HMG_full_dimeric_16_1,51776
SOX10_HMG_full_dimeric_16_1,2677
SOX10_HMG_full_dimeric_16_1,8837
SOX10_HMG_full_dimeric_16_1,4759
SOX10_HMG_full_dimeric_16_1,100526832
SOX10_HMG_full_dimeric_16_1,129303
SOX10_HMG_full_dimeric_16_1,785
SOX10_HMG_full_dimeric_16_1,11037
SOX10_HMG_full_dimeric_16_1,1841
SOX10_HMG_full_dimeric_16_1,80705
SOX10_HMG_full_dimeric_16_1,9111
SOX10_HMG_full_dimeric_16_1,940
SOX10_HMG_full_dimeric_16_1,150468
SOX10_HMG_full_dimeric_16_1,388946
SOX10_HMG_full_dimeric_16_1,51454
SOX10_HMG_full_dimeric_16_1,129881
SOX10_HMG_full_dimeric_16_1,130074
SOX10_HMG_full_dimeric_16_1,129787
SOX10_HMG_full_dimeric_16_1,9262
SOX10_HMG_full_dimeric_16_1,11320
SOX10_HMG_full_dimeric_16_1,57217
SOX10_HMG_full_dimeric_16_1,26122
SOX10_HMG_full_dimeric_16_1,7273
SOX10_HMG_full_dimeric_16_1,23704
SOX10_HMG_full_dimeric_16_1,58538
SOX10_HMG_full_dimeric_16_1,728294
SOX10_HMG_full_dimeric_16_1,5378
SOX10_HMG_full_dimeric_16_1,9581
SOX10_HMG_full_dimeric_16_1,79083
SOX10_HMG_full_dimeric_16_1,25992
SOX10_HMG_full_dimeric_16_1,55679
SOX10_HMG_full_dimeric_16_1,5610
SOX10_HMG_full_dimeric_16_1,57471
SOX10_HMG_full_dimeric_16_1,1281
SOX10_HMG_full_dimeric_16_1,29959
SOX10_HMG_full_dimeric_16_1,91404
SOX10_HMG_full_dimeric_16_1,3676
SOX10_HMG_full_dimeric_16_1,3685
SOX10_HMG_full_dimeric_16_1,54891
SOX10_HMG_full_dimeric_16_1,286749
SOX10_HMG_full_dimeric_16_1,3694
SOX10_HMG_full_dimeric_16_1,9839
SOX10_HMG_full_dimeric_16_1,9855
SOX10_HMG_full_dimeric_16_1,151188
SOX10_HMG_full_dimeric_16_1,3769
SOX10_HMG_full_dimeric_16_1,90411
SOX10_HMG_full_dimeric_16_1,79634
SOX10_HMG_full_dimeric_16_1,63892
SOX10_HMG_full_dimeric_16_1,130013
SOX10_HMG_full_dimeric_16_1,5966
SOX10_HMG_full_dimeric_16_1,10096
SOX10_HMG_full_dimeric_16_1,116372
SOX10_HMG_full_dimeric_16_1,343930
SOX10_HMG_full_dimeric_16_1,200576
SOX10_HMG_full_dimeric_16_1,3987
SOX10_HMG_full_dimeric_16_1,55660
SOX10_HMG_full_dimeric_16_1,94101
SOX10_HMG_full_dimeric_16_1,9541
SOX10_HMG_full_dimeric_16_1,83879
SOX10_HMG_full_dimeric_16_1,4036
SOX10_HMG_full_dimeric_16_1,79823
SOX10_HMG_full_dimeric_16_1,6120
SOX10_HMG_full_dimeric_16_1,51540
SOX10_HMG_full_dimeric_16_1,131096
SOX10_HMG_full_dimeric_16_1,51244
SOX10_HMG_full_dimeric_16_1,131118
SOX10_HMG_full_dimeric_16_1,10289
SOX10_HMG_full_dimeric_16_1,4154
SOX10_HMG_full_dimeric_16_1,89782
SOX10_HMG_full_dimeric_16_1,151651
SOX10_HMG_full_dimeric_16_1,389177
SOX10_HMG_full_dimeric_16_1,80012
SOX10_HMG_full_dimeric_16_1,57493
SOX10_HMG_full_dimeric_16_1,253639
SOX10_HMG_full_dimeric_16_1,57018
SOX10_HMG_full_dimeric_16_1,84002
SOX10_HMG_full_dimeric_16_1,211
SOX10_HMG_full_dimeric_16_1,214
SOX10_HMG_full_dimeric_16_1,80117
SOX10_HMG_full_dimeric_16_1,84223
SOX10_HMG_full_dimeric_16_1,6434
SOX10_HMG_full_dimeric_16_1,10533
SOX10_HMG_full_dimeric_16_1,28976
SOX10_HMG_full_dimeric_16_1,166336
SOX10_HMG_full_dimeric_16_1,8702
SOX10_HMG_full_dimeric_16_1,57088
SOX10_HMG_full_dimeric_16_1,23043
SOX10_HMG_full_dimeric_16_1,2596
SOX10_HMG_full_dimeric_16_1,643853
SOX10_HMG_full_dimeric_16_1,4711
SOX10_HMG_full_dimeric_16_1,2720
SOX10_HMG_full_dimeric_16_1,205564
SOX10_HMG_full_dimeric_16_1,131873
SOX10_HMG_full_dimeric_16_1,10188
SOX10_HMG_full_dimeric_16_1,868
SOX10_HMG_full_dimeric_16_1,727936
SOX10_HMG_full_dimeric_16_1,9197
SOX10_HMG_full_dimeric_16_1,55081
SOX10_HMG_full_dimeric_16_1,132158
SOX10_HMG_full_dimeric_16_1,79718
SOX10_HMG_full_dimeric_16_1,257144
SOX10_HMG_full_dimeric_16_1,7324
SOX10_HMG_full_dimeric_16_1,114885
SOX10_HMG_full_dimeric_16_1,54464
SOX10_HMG_full_dimeric_16_1,3273
SOX10_HMG_full_dimeric_16_1,5337
SOX10_HMG_full_dimeric_16_1,5359
SOX10_HMG_full_dimeric_16_1,8403
SOX10_HMG_full_dimeric_16_1,51714
SOX10_HMG_full_dimeric_16_1,257313
SOX10_HMG_full_dimeric_16_1,116931
SOX10_HMG_full_dimeric_16_1,64393
SOX10_HMG_full_dimeric_16_1,25994
SOX10_HMG_full_dimeric_16_1,152137
SOX10_HMG_full_dimeric_16_1,57129
SOX10_HMG_full_dimeric_16_1,7634
SOX10_HMG_full_dimeric_16_1,4690
SOX10_HMG_full_dimeric_16_1,5648
SOX10_HMG_full_dimeric_16_1,23129
SOX10_HMG_full_dimeric_16_1,54861
SOX10_HMG_full_dimeric_16_1,56922
SOX10_HMG_full_dimeric_16_1,3680
SOX10_HMG_full_dimeric_16_1,3697
SOX10_HMG_full_dimeric_16_1,55573
SOX10_HMG_full_dimeric_16_1,57047
SOX10_HMG_full_dimeric_16_1,79598
SOX10_HMG_full_dimeric_16_1,9975
SOX10_HMG_full_dimeric_16_1,5894
SOX10_HMG_full_dimeric_16_1,5918
SOX10_HMG_full_dimeric_16_1,51554
SOX10_HMG_full_dimeric_16_1,55096
SOX10_HMG_full_dimeric_16_1,6010
SOX10_HMG_full_dimeric_16_1,339862
SOX10_HMG_full_dimeric_16_1,51146
SOX10_HMG_full_dimeric_16_1,6092
SOX10_HMG_full_dimeric_16_1,59345
SOX10_HMG_full_dimeric_16_1,10225
SOX10_HMG_full_dimeric_16_1,90102
SOX10_HMG_full_dimeric_16_1,2047
SOX10_HMG_full_dimeric_16_1,10252
SOX10_HMG_full_dimeric_16_1,51274
SOX10_HMG_full_dimeric_16_1,79966
SOX10_HMG_full_dimeric_16_1,51316
SOX10_HMG_full_dimeric_16_1,6307
SOX10_HMG_full_dimeric_16_1,55534
SOX10_HMG_full_dimeric_16_1,246175
SOX10_HMG_full_dimeric_16_1,166379
SOX10_HMG_full_dimeric_16_1,10733
SOX10_HMG_full_dimeric_16_1,92689
SOX10_HMG_full_dimeric_16_1,51778
SOX10_HMG_full_dimeric_16_1,8819
SOX10_HMG_full_dimeric_16_1,27295
SOX10_HMG_full_dimeric_16_1,4887
SOX10_HMG_full_dimeric_16_1,8987
SOX10_HMG_full_dimeric_16_1,817
SOX10_HMG_full_dimeric_16_1,170825
SOX10_HMG_full_dimeric_16_1,80014
SOX10_HMG_full_dimeric_16_1,2919
SOX10_HMG_full_dimeric_16_1,166824
SOX10_HMG_full_dimeric_16_1,1047
SOX10_HMG_full_dimeric_16_1,253017
SOX10_HMG_full_dimeric_16_1,9407
SOX10_HMG_full_dimeric_16_1,9364
SOX10_HMG_full_dimeric_16_1,345274
SOX10_HMG_full_dimeric_16_1,5311
SOX10_HMG_full_dimeric_16_1,259282
SOX10_HMG_full_dimeric_16_1,91351
SOX10_HMG_full_dimeric_16_1,25819
SOX10_HMG_full_dimeric_16_1,132320
SOX10_HMG_full_dimeric_16_1,132321
SOX10_HMG_full_dimeric_16_1,9464
SOX10_HMG_full_dimeric_16_1,56884
SOX10_HMG_full_dimeric_16_1,285513
SOX10_HMG_full_dimeric_16_1,5530
SOX10_HMG_full_dimeric_16_1,1448
SOX10_HMG_full_dimeric_16_1,54790
SOX10_HMG_full_dimeric_16_1,83478
SOX10_HMG_full_dimeric_16_1,9948
SOX10_HMG_full_dimeric_16_1,116449
SOX10_HMG_full_dimeric_16_1,401124
SOX10_HMG_full_dimeric_16_1,401138
SOX10_HMG_full_dimeric_16_1,79642
SOX10_HMG_full_dimeric_16_1,27071
SOX10_HMG_full_dimeric_16_1,83894
SOX10_HMG_full_dimeric_16_1,55286
SOX10_HMG_full_dimeric_16_1,4086
SOX10_HMG_full_dimeric_16_1,55299
SOX10_HMG_full_dimeric_16_1,51247
SOX10_HMG_full_dimeric_16_1,153657
SOX10_HMG_full_dimeric_16_1,23530
SOX10_HMG_full_dimeric_16_1,51294
SOX10_HMG_full_dimeric_16_1,92255
SOX10_HMG_full_dimeric_16_1,51306
SOX10_HMG_full_dimeric_16_1,4214
SOX10_HMG_full_dimeric_16_1,340120
SOX10_HMG_full_dimeric_16_1,90268
SOX10_HMG_full_dimeric_16_1,10412
SOX10_HMG_full_dimeric_16_1,2241
SOX10_HMG_full_dimeric_16_1,317671
SOX10_HMG_full_dimeric_16_1,22836
SOX10_HMG_full_dimeric_16_1,100132916
SOX10_HMG_full_dimeric_16_1,27430
SOX10_HMG_full_dimeric_16_1,22885
SOX10_HMG_full_dimeric_16_1,6502
SOX10_HMG_full_dimeric_16_1,84340
SOX10_HMG_full_dimeric_16_1,55696
SOX10_HMG_full_dimeric_16_1,10307
SOX10_HMG_full_dimeric_16_1,117156
SOX10_HMG_full_dimeric_16_1,23061
SOX10_HMG_full_dimeric_16_1,6690
SOX10_HMG_full_dimeric_16_1,4651
SOX10_HMG_full_dimeric_16_1,55914
SOX10_HMG_full_dimeric_16_1,23176
SOX10_HMG_full_dimeric_16_1,10923
SOX10_HMG_full_dimeric_16_1,689
SOX10_HMG_full_dimeric_16_1,2745
SOX10_HMG_full_dimeric_16_1,735
SOX10_HMG_full_dimeric_16_1,4883
SOX10_HMG_full_dimeric_16_1,91272
SOX10_HMG_full_dimeric_16_1,389289
SOX10_HMG_full_dimeric_16_1,7025
SOX10_HMG_full_dimeric_16_1,80762
SOX10_HMG_full_dimeric_16_1,646019
SOX10_HMG_full_dimeric_16_1,11174
SOX10_HMG_full_dimeric_16_1,3001
SOX10_HMG_full_dimeric_16_1,27125
SOX10_HMG_full_dimeric_16_1,27039
SOX10_HMG_full_dimeric_16_1,285704
SOX10_HMG_full_dimeric_16_1,85027
SOX10_HMG_full_dimeric_16_1,115548
SOX10_HMG_full_dimeric_16_1,3187
SOX10_HMG_full_dimeric_16_1,134266
SOX10_HMG_full_dimeric_16_1,113829
SOX10_HMG_full_dimeric_16_1,1212
SOX10_HMG_full_dimeric_16_1,64417
SOX10_HMG_full_dimeric_16_1,202052
SOX10_HMG_full_dimeric_16_1,167465
SOX10_HMG_full_dimeric_16_1,5480
SOX10_HMG_full_dimeric_16_1,9604
SOX10_HMG_full_dimeric_16_1,134549
SOX10_HMG_full_dimeric_16_1,202151
SOX10_HMG_full_dimeric_16_1,26064
SOX10_HMG_full_dimeric_16_1,85480
SOX10_HMG_full_dimeric_16_1,54825
SOX10_HMG_full_dimeric_16_1,3670
SOX10_HMG_full_dimeric_16_1,56929
SOX10_HMG_full_dimeric_16_1,54557
SOX10_HMG_full_dimeric_16_1,5810
SOX10_HMG_full_dimeric_16_1,728780
SOX10_HMG_full_dimeric_16_1,89848
SOX10_HMG_full_dimeric_16_1,3842
SOX10_HMG_full_dimeric_16_1,5924
SOX10_HMG_full_dimeric_16_1,1843
SOX10_HMG_full_dimeric_16_1,8507
SOX10_HMG_full_dimeric_16_1,94081
SOX10_HMG_full_dimeric_16_1,57486
SOX10_HMG_full_dimeric_16_1,51149
SOX10_HMG_full_dimeric_16_1,10246
SOX10_HMG_full_dimeric_16_1,10924
SOX10_HMG_full_dimeric_16_1,100130890
SOX10_HMG_full_dimeric_16_1,4217
SOX10_HMG_full_dimeric_16_1,8329
SOX10_HMG_full_dimeric_16_1,8331
SOX10_HMG_full_dimeric_16_1,8332
SOX10_HMG_full_dimeric_16_1,8334
SOX10_HMG_full_dimeric_16_1,8340
SOX10_HMG_full_dimeric_16_1,8342
SOX10_HMG_full_dimeric_16_1,8343
SOX10_HMG_full_dimeric_16_1,8344
SOX10_HMG_full_dimeric_16_1,8347
SOX10_HMG_full_dimeric_16_1,8350
SOX10_HMG_full_dimeric_16_1,8351
SOX10_HMG_full_dimeric_16_1,8357
SOX10_HMG_full_dimeric_16_1,8360
SOX10_HMG_full_dimeric_16_1,8363
SOX10_HMG_full_dimeric_16_1,8367
SOX10_HMG_full_dimeric_16_1,202
SOX10_HMG_full_dimeric_16_1,389362
SOX10_HMG_full_dimeric_16_1,2309
SOX10_HMG_full_dimeric_16_1,6428
SOX10_HMG_full_dimeric_16_1,153918
SOX10_HMG_full_dimeric_16_1,55633
SOX10_HMG_full_dimeric_16_1,256380
SOX10_HMG_full_dimeric_16_1,6581
SOX10_HMG_full_dimeric_16_1,221687
SOX10_HMG_full_dimeric_16_1,6648
SOX10_HMG_full_dimeric_16_1,6659
SOX10_HMG_full_dimeric_16_1,10786
SOX10_HMG_full_dimeric_16_1,6745
SOX10_HMG_full_dimeric_16_1,27232
SOX10_HMG_full_dimeric_16_1,639
SOX10_HMG_full_dimeric_16_1,8871
SOX10_HMG_full_dimeric_16_1,30834
SOX10_HMG_full_dimeric_16_1,222658
SOX10_HMG_full_dimeric_16_1,84694
SOX10_HMG_full_dimeric_16_1,780
SOX10_HMG_full_dimeric_16_1,10370
SOX10_HMG_full_dimeric_16_1,2853
SOX10_HMG_full_dimeric_16_1,6954
SOX10_HMG_full_dimeric_16_1,11119
SOX10_HMG_full_dimeric_16_1,64065
SOX10_HMG_full_dimeric_16_1,7058
SOX10_HMG_full_dimeric_16_1,353091
SOX10_HMG_full_dimeric_16_1,84918
SOX10_HMG_full_dimeric_16_1,3008
SOX10_HMG_full_dimeric_16_1,3009
SOX10_HMG_full_dimeric_16_1,3013
SOX10_HMG_full_dimeric_16_1,3017
SOX10_HMG_full_dimeric_16_1,51362
SOX10_HMG_full_dimeric_16_1,3024
SOX10_HMG_full_dimeric_16_1,7128
SOX10_HMG_full_dimeric_16_1,8359
SOX10_HMG_full_dimeric_16_1,85015
SOX10_HMG_full_dimeric_16_1,3096
SOX10_HMG_full_dimeric_16_1,85021
SOX10_HMG_full_dimeric_16_1,29777
SOX10_HMG_full_dimeric_16_1,10090
SOX10_HMG_full_dimeric_16_1,54806
SOX10_HMG_full_dimeric_16_1,25842
SOX10_HMG_full_dimeric_16_1,60685
SOX10_HMG_full_dimeric_16_1,50619
SOX10_HMG_full_dimeric_16_1,222659
SOX10_HMG_full_dimeric_16_1,9729
SOX10_HMG_full_dimeric_16_1,23376
SOX10_HMG_full_dimeric_16_1,254228
SOX10_HMG_full_dimeric_16_1,57621
SOX10_HMG_full_dimeric_16_1,221468
SOX10_HMG_full_dimeric_16_1,221476
SOX10_HMG_full_dimeric_16_1,7915
SOX10_HMG_full_dimeric_16_1,89870
SOX10_HMG_full_dimeric_16_1,7957
SOX10_HMG_full_dimeric_16_1,3910
SOX10_HMG_full_dimeric_16_1,79692
SOX10_HMG_full_dimeric_16_1,55122
SOX10_HMG_full_dimeric_16_1,5980
SOX10_HMG_full_dimeric_16_1,57231
SOX10_HMG_full_dimeric_16_1,81847
SOX10_HMG_full_dimeric_16_1,4082
SOX10_HMG_full_dimeric_16_1,401409
SOX10_HMG_full_dimeric_16_1,2050
SOX10_HMG_full_dimeric_16_1,55303
SOX10_HMG_full_dimeric_16_1,57414
SOX10_HMG_full_dimeric_16_1,5799
SOX10_HMG_full_dimeric_16_1,4233
SOX10_HMG_full_dimeric_16_1,219285
SOX10_HMG_full_dimeric_16_1,4289
SOX10_HMG_full_dimeric_16_1,55536
SOX10_HMG_full_dimeric_16_1,22797
SOX10_HMG_full_dimeric_16_1,6424
SOX10_HMG_full_dimeric_16_1,84255
SOX10_HMG_full_dimeric_16_1,442721
SOX10_HMG_full_dimeric_16_1,8621
SOX10_HMG_full_dimeric_16_1,6604
SOX10_HMG_full_dimeric_16_1,6718
SOX10_HMG_full_dimeric_16_1,55915
SOX10_HMG_full_dimeric_16_1,221806
SOX10_HMG_full_dimeric_16_1,55972
SOX10_HMG_full_dimeric_16_1,55973
SOX10_HMG_full_dimeric_16_1,10922
SOX10_HMG_full_dimeric_16_1,10926
SOX10_HMG_full_dimeric_16_1,8887
SOX10_HMG_full_dimeric_16_1,79989
SOX10_HMG_full_dimeric_16_1,6856
SOX10_HMG_full_dimeric_16_1,168667
SOX10_HMG_full_dimeric_16_1,2792
SOX10_HMG_full_dimeric_16_1,135941
SOX10_HMG_full_dimeric_16_1,375611
SOX10_HMG_full_dimeric_16_1,858
SOX10_HMG_full_dimeric_16_1,948
SOX10_HMG_full_dimeric_16_1,223082
SOX10_HMG_full_dimeric_16_1,3200
SOX10_HMG_full_dimeric_16_1,3206
SOX10_HMG_full_dimeric_16_1,79027
SOX10_HMG_full_dimeric_16_1,3624
SOX10_HMG_full_dimeric_16_1,5478
SOX10_HMG_full_dimeric_16_1,3475
SOX10_HMG_full_dimeric_16_1,3484
SOX10_HMG_full_dimeric_16_1,3486
SOX10_HMG_full_dimeric_16_1,155061
SOX10_HMG_full_dimeric_16_1,136647
SOX10_HMG_full_dimeric_16_1,54749
SOX10_HMG_full_dimeric_16_1,3614
SOX10_HMG_full_dimeric_16_1,27241
SOX10_HMG_full_dimeric_16_1,136895
SOX10_HMG_full_dimeric_16_1,1738
SOX10_HMG_full_dimeric_16_1,83943
SOX10_HMG_full_dimeric_16_1,10135
SOX10_HMG_full_dimeric_16_1,79783
SOX10_HMG_full_dimeric_16_1,27297
SOX10_HMG_full_dimeric_16_1,442361
SOX10_HMG_full_dimeric_16_1,26608
SOX10_HMG_full_dimeric_16_1,2053
SOX10_HMG_full_dimeric_16_1,2055
SOX10_HMG_full_dimeric_16_1,2222
SOX10_HMG_full_dimeric_16_1,2260
SOX10_HMG_full_dimeric_16_1,6383
SOX10_HMG_full_dimeric_16_1,8439
SOX10_HMG_full_dimeric_16_1,80124
SOX10_HMG_full_dimeric_16_1,84296
SOX10_HMG_full_dimeric_16_1,6482
SOX10_HMG_full_dimeric_16_1,6503
SOX10_HMG_full_dimeric_16_1,6570
SOX10_HMG_full_dimeric_16_1,427
SOX10_HMG_full_dimeric_16_1,10671
SOX10_HMG_full_dimeric_16_1,444
SOX10_HMG_full_dimeric_16_1,340419
SOX10_HMG_full_dimeric_16_1,2669
SOX10_HMG_full_dimeric_16_1,79977
SOX10_HMG_full_dimeric_16_1,4747
SOX10_HMG_full_dimeric_16_1,137970
SOX10_HMG_full_dimeric_16_1,2831
SOX10_HMG_full_dimeric_16_1,100533105
SOX10_HMG_full_dimeric_16_1,9134
SOX10_HMG_full_dimeric_16_1,23471
SOX10_HMG_full_dimeric_16_1,11212
SOX10_HMG_full_dimeric_16_1,55824
SOX10_HMG_full_dimeric_16_1,100131980
SOX10_HMG_full_dimeric_16_1,5327
SOX10_HMG_full_dimeric_16_1,5423
SOX10_HMG_full_dimeric_16_1,55284
SOX10_HMG_full_dimeric_16_1,1508
SOX10_HMG_full_dimeric_16_1,9760
SOX10_HMG_full_dimeric_16_1,56260
SOX10_HMG_full_dimeric_16_1,57094
SOX10_HMG_full_dimeric_16_1,8836
SOX10_HMG_full_dimeric_16_1,1846
SOX10_HMG_full_dimeric_16_1,503618
SOX10_HMG_full_dimeric_16_1,137682
SOX10_HMG_full_dimeric_16_1,10174
SOX10_HMG_full_dimeric_16_1,79815
SOX10_HMG_full_dimeric_16_1,4067
SOX10_HMG_full_dimeric_16_1,55363
SOX10_HMG_full_dimeric_16_1,51271
SOX10_HMG_full_dimeric_16_1,401548
SOX10_HMG_full_dimeric_16_1,687
SOX10_HMG_full_dimeric_16_1,219
SOX10_HMG_full_dimeric_16_1,57582
SOX10_HMG_full_dimeric_16_1,10497
SOX10_HMG_full_dimeric_16_1,22927
SOX10_HMG_full_dimeric_16_1,22949
SOX10_HMG_full_dimeric_16_1,90865
SOX10_HMG_full_dimeric_16_1,54981
SOX10_HMG_full_dimeric_16_1,6619
SOX10_HMG_full_dimeric_16_1,4593
SOX10_HMG_full_dimeric_16_1,23048
SOX10_HMG_full_dimeric_16_1,23064
SOX10_HMG_full_dimeric_16_1,2650
SOX10_HMG_full_dimeric_16_1,158067
SOX10_HMG_full_dimeric_16_1,10912
SOX10_HMG_full_dimeric_16_1,6850
SOX10_HMG_full_dimeric_16_1,4814
SOX10_HMG_full_dimeric_16_1,92949
SOX10_HMG_full_dimeric_16_1,2844
SOX10_HMG_full_dimeric_16_1,11046
SOX10_HMG_full_dimeric_16_1,646962
SOX10_HMG_full_dimeric_16_1,4920
SOX10_HMG_full_dimeric_16_1,80709
SOX10_HMG_full_dimeric_16_1,11092
SOX10_HMG_full_dimeric_16_1,401551
SOX10_HMG_full_dimeric_16_1,4958
SOX10_HMG_full_dimeric_16_1,4969
SOX10_HMG_full_dimeric_16_1,7046
SOX10_HMG_full_dimeric_16_1,375743
SOX10_HMG_full_dimeric_16_1,402381
SOX10_HMG_full_dimeric_16_1,138065
SOX10_HMG_full_dimeric_16_1,7186
SOX10_HMG_full_dimeric_16_1,7248
SOX10_HMG_full_dimeric_16_1,1902
SOX10_HMG_full_dimeric_16_1,23731
SOX10_HMG_full_dimeric_16_1,9442
SOX10_HMG_full_dimeric_16_1,3309
SOX10_HMG_full_dimeric_16_1,64768
SOX10_HMG_full_dimeric_16_1,56623
SOX10_HMG_full_dimeric_16_1,1514
SOX10_HMG_full_dimeric_16_1,84904
SOX10_HMG_full_dimeric_16_1,728577
SOX10_HMG_full_dimeric_16_1,54796
SOX10_HMG_full_dimeric_16_1,5711
SOX10_HMG_full_dimeric_16_1,54886
SOX10_HMG_full_dimeric_16_1,114299
SOX10_HMG_full_dimeric_16_1,5774
SOX10_HMG_full_dimeric_16_1,5069
SOX10_HMG_full_dimeric_16_1,301
SOX10_HMG_full_dimeric_16_1,57109
SOX10_HMG_full_dimeric_16_1,5991
SOX10_HMG_full_dimeric_16_1,100505478
SOX10_HMG_full_dimeric_16_1,403341
SOX10_HMG_full_dimeric_16_1,26578
SOX10_HMG_full_dimeric_16_1,92170
SOX10_HMG_full_dimeric_16_1,3416
SOX10_HMG_full_dimeric_16_1,143379
SOX10_HMG_full_dimeric_16_1,36
SOX10_HMG_full_dimeric_16_1,118881
SOX10_HMG_full_dimeric_16_1,120
SOX10_HMG_full_dimeric_16_1,84108
SOX10_HMG_full_dimeric_16_1,80019
SOX10_HMG_full_dimeric_16_1,55662
SOX10_HMG_full_dimeric_16_1,282991
SOX10_HMG_full_dimeric_16_1,6319
SOX10_HMG_full_dimeric_16_1,84159
SOX10_HMG_full_dimeric_16_1,118980
SOX10_HMG_full_dimeric_16_1,80114
SOX10_HMG_full_dimeric_16_1,92482
SOX10_HMG_full_dimeric_16_1,84333
SOX10_HMG_full_dimeric_16_1,55691
SOX10_HMG_full_dimeric_16_1,403
SOX10_HMG_full_dimeric_16_1,92565
SOX10_HMG_full_dimeric_16_1,100532731
SOX10_HMG_full_dimeric_16_1,219670
SOX10_HMG_full_dimeric_16_1,55847
SOX10_HMG_full_dimeric_16_1,387640
SOX10_HMG_full_dimeric_16_1,2625
SOX10_HMG_full_dimeric_16_1,80313
SOX10_HMG_full_dimeric_16_1,119392
SOX10_HMG_full_dimeric_16_1,4714
SOX10_HMG_full_dimeric_16_1,648
SOX10_HMG_full_dimeric_16_1,657
SOX10_HMG_full_dimeric_16_1,119467
SOX10_HMG_full_dimeric_16_1,340654
SOX10_HMG_full_dimeric_16_1,64210
SOX10_HMG_full_dimeric_16_1,340719
SOX10_HMG_full_dimeric_16_1,256815
SOX10_HMG_full_dimeric_16_1,23412
SOX10_HMG_full_dimeric_16_1,84893
SOX10_HMG_full_dimeric_16_1,84898
SOX10_HMG_full_dimeric_16_1,3026
SOX10_HMG_full_dimeric_16_1,4942
SOX10_HMG_full_dimeric_16_1,23522
SOX10_HMG_full_dimeric_16_1,84665
SOX10_HMG_full_dimeric_16_1,54462
SOX10_HMG_full_dimeric_16_1,5328
SOX10_HMG_full_dimeric_16_1,1244
SOX10_HMG_full_dimeric_16_1,54522
SOX10_HMG_full_dimeric_16_1,1308
SOX10_HMG_full_dimeric_16_1,5464
SOX10_HMG_full_dimeric_16_1,7581
SOX10_HMG_full_dimeric_16_1,54518
SOX10_HMG_full_dimeric_16_1,85450
SOX10_HMG_full_dimeric_16_1,9679
SOX10_HMG_full_dimeric_16_1,5599
SOX10_HMG_full_dimeric_16_1,253430
SOX10_HMG_full_dimeric_16_1,5660
SOX10_HMG_full_dimeric_16_1,57608
SOX10_HMG_full_dimeric_16_1,159296
SOX10_HMG_full_dimeric_16_1,94134
SOX10_HMG_full_dimeric_16_1,3698
SOX10_HMG_full_dimeric_16_1,8036
SOX10_HMG_full_dimeric_16_1,81619
SOX10_HMG_full_dimeric_16_1,118490
SOX10_HMG_full_dimeric_16_1,1793
SOX10_HMG_full_dimeric_16_1,118611
SOX10_HMG_full_dimeric_16_1,8028
SOX10_HMG_full_dimeric_16_1,8031
SOX10_HMG_full_dimeric_16_1,59338
SOX10_HMG_full_dimeric_16_1,64376
SOX10_HMG_full_dimeric_16_1,6150
SOX10_HMG_full_dimeric_16_1,55331
SOX10_HMG_full_dimeric_16_1,56
SOX10_HMG_full_dimeric_16_1,55366
SOX10_HMG_full_dimeric_16_1,114571
SOX10_HMG_full_dimeric_16_1,51287
SOX10_HMG_full_dimeric_16_1,54843
SOX10_HMG_full_dimeric_16_1,8322
SOX10_HMG_full_dimeric_16_1,133
SOX10_HMG_full_dimeric_16_1,6309
SOX10_HMG_full_dimeric_16_1,10632
SOX10_HMG_full_dimeric_16_1,8534
SOX10_HMG_full_dimeric_16_1,80227
SOX10_HMG_full_dimeric_16_1,338322
SOX10_HMG_full_dimeric_16_1,8567
SOX10_HMG_full_dimeric_16_1,50937
SOX10_HMG_full_dimeric_16_1,283106
SOX10_HMG_full_dimeric_16_1,6653
SOX10_HMG_full_dimeric_16_1,6768
SOX10_HMG_full_dimeric_16_1,84649
SOX10_HMG_full_dimeric_16_1,23258
SOX10_HMG_full_dimeric_16_1,10992
SOX10_HMG_full_dimeric_16_1,92292
SOX10_HMG_full_dimeric_16_1,220064
SOX10_HMG_full_dimeric_16_1,56158
SOX10_HMG_full_dimeric_16_1,11145
SOX10_HMG_full_dimeric_16_1,2977
SOX10_HMG_full_dimeric_16_1,220323
SOX10_HMG_full_dimeric_16_1,23193
SOX10_HMG_full_dimeric_16_1,60492
SOX10_HMG_full_dimeric_16_1,55823
SOX10_HMG_full_dimeric_16_1,91252
SOX10_HMG_full_dimeric_16_1,23682
SOX10_HMG_full_dimeric_16_1,220296
SOX10_HMG_full_dimeric_16_1,23705
SOX10_HMG_full_dimeric_16_1,23788
SOX10_HMG_full_dimeric_16_1,120227
SOX10_HMG_full_dimeric_16_1,85463
SOX10_HMG_full_dimeric_16_1,3606
SOX10_HMG_full_dimeric_16_1,7748
SOX10_HMG_full_dimeric_16_1,120400
SOX10_HMG_full_dimeric_16_1,7762
SOX10_HMG_full_dimeric_16_1,24147
SOX10_HMG_full_dimeric_16_1,9846
SOX10_HMG_full_dimeric_16_1,192134
SOX10_HMG_full_dimeric_16_1,81544
SOX10_HMG_full_dimeric_16_1,9866
SOX10_HMG_full_dimeric_16_1,89792
SOX10_HMG_full_dimeric_16_1,59082
SOX10_HMG_full_dimeric_16_1,25891
SOX10_HMG_full_dimeric_16_1,55031
SOX10_HMG_full_dimeric_16_1,5920
SOX10_HMG_full_dimeric_16_1,83759
SOX10_HMG_full_dimeric_16_1,84959
SOX10_HMG_full_dimeric_16_1,5954
SOX10_HMG_full_dimeric_16_1,644943
SOX10_HMG_full_dimeric_16_1,57689
SOX10_HMG_full_dimeric_16_1,8065
SOX10_HMG_full_dimeric_16_1,23387
SOX10_HMG_full_dimeric_16_1,51092
SOX10_HMG_full_dimeric_16_1,114908
SOX10_HMG_full_dimeric_16_1,3995
SOX10_HMG_full_dimeric_16_1,79827
SOX10_HMG_full_dimeric_16_1,10196
SOX10_HMG_full_dimeric_16_1,4076
SOX10_HMG_full_dimeric_16_1,2065
SOX10_HMG_full_dimeric_16_1,6171
SOX10_HMG_full_dimeric_16_1,2120
SOX10_HMG_full_dimeric_16_1,112
SOX10_HMG_full_dimeric_16_1,84101
SOX10_HMG_full_dimeric_16_1,4257
SOX10_HMG_full_dimeric_16_1,6334
SOX10_HMG_full_dimeric_16_1,28234
SOX10_HMG_full_dimeric_16_1,56890
SOX10_HMG_full_dimeric_16_1,57609
SOX10_HMG_full_dimeric_16_1,10526
SOX10_HMG_full_dimeric_16_1,22818
SOX10_HMG_full_dimeric_16_1,80184
SOX10_HMG_full_dimeric_16_1,10635
SOX10_HMG_full_dimeric_16_1,8550
SOX10_HMG_full_dimeric_16_1,51564
SOX10_HMG_full_dimeric_16_1,88455
SOX10_HMG_full_dimeric_16_1,259293
SOX10_HMG_full_dimeric_16_1,80324
SOX10_HMG_full_dimeric_16_1,55766
SOX10_HMG_full_dimeric_16_1,23012
SOX10_HMG_full_dimeric_16_1,488
SOX10_HMG_full_dimeric_16_1,586
SOX10_HMG_full_dimeric_16_1,3853
SOX10_HMG_full_dimeric_16_1,57102
SOX10_HMG_full_dimeric_16_1,2647
SOX10_HMG_full_dimeric_16_1,160418
SOX10_HMG_full_dimeric_16_1,10906
SOX10_HMG_full_dimeric_16_1,93978
SOX10_HMG_full_dimeric_16_1,121504
SOX10_HMG_full_dimeric_16_1,121506
SOX10_HMG_full_dimeric_16_1,283310
SOX10_HMG_full_dimeric_16_1,84660
SOX10_HMG_full_dimeric_16_1,121536
SOX10_HMG_full_dimeric_16_1,387836
SOX10_HMG_full_dimeric_16_1,11010
SOX10_HMG_full_dimeric_16_1,775
SOX10_HMG_full_dimeric_16_1,23316
SOX10_HMG_full_dimeric_16_1,283420
SOX10_HMG_full_dimeric_16_1,23344
SOX10_HMG_full_dimeric_16_1,11066
SOX10_HMG_full_dimeric_16_1,25875
SOX10_HMG_full_dimeric_16_1,7024
SOX10_HMG_full_dimeric_16_1,23426
SOX10_HMG_full_dimeric_16_1,9119
SOX10_HMG_full_dimeric_16_1,928
SOX10_HMG_full_dimeric_16_1,969
SOX10_HMG_full_dimeric_16_1,3071
SOX10_HMG_full_dimeric_16_1,1027
SOX10_HMG_full_dimeric_16_1,5128
SOX10_HMG_full_dimeric_16_1,5153
SOX10_HMG_full_dimeric_16_1,115811
SOX10_HMG_full_dimeric_16_1,23371
SOX10_HMG_full_dimeric_16_1,3227
SOX10_HMG_full_dimeric_16_1,23710
SOX10_HMG_full_dimeric_16_1,144577
SOX10_HMG_full_dimeric_16_1,9416
SOX10_HMG_full_dimeric_16_1,91574
SOX10_HMG_full_dimeric_16_1,7421
SOX10_HMG_full_dimeric_16_1,9478
SOX10_HMG_full_dimeric_16_1,253827
SOX10_HMG_full_dimeric_16_1,84872
SOX10_HMG_full_dimeric_16_1,144699
SOX10_HMG_full_dimeric_16_1,23074
SOX10_HMG_full_dimeric_16_1,9815
SOX10_HMG_full_dimeric_16_1,3679
SOX10_HMG_full_dimeric_16_1,5744
SOX10_HMG_full_dimeric_16_1,5777
SOX10_HMG_full_dimeric_16_1,9921
SOX10_HMG_full_dimeric_16_1,23457
SOX10_HMG_full_dimeric_16_1,9958
SOX10_HMG_full_dimeric_16_1,83729
SOX10_HMG_full_dimeric_16_1,10024
SOX10_HMG_full_dimeric_16_1,440107
SOX10_HMG_full_dimeric_16_1,3890
SOX10_HMG_full_dimeric_16_1,55110
SOX10_HMG_full_dimeric_16_1,5959
SOX10_HMG_full_dimeric_16_1,552889
SOX10_HMG_full_dimeric_16_1,51134
SOX10_HMG_full_dimeric_16_1,25900
SOX10_HMG_full_dimeric_16_1,55266
SOX10_HMG_full_dimeric_16_1,115207
SOX10_HMG_full_dimeric_16_1,64062
SOX10_HMG_full_dimeric_16_1,7750
SOX10_HMG_full_dimeric_16_1,26224
SOX10_HMG_full_dimeric_16_1,170622
SOX10_HMG_full_dimeric_16_1,160897
SOX10_HMG_full_dimeric_16_1,387496
SOX10_HMG_full_dimeric_16_1,122011
SOX10_HMG_full_dimeric_16_1,8874
SOX10_HMG_full_dimeric_16_1,341676
SOX10_HMG_full_dimeric_16_1,387921
SOX10_HMG_full_dimeric_16_1,6445
SOX10_HMG_full_dimeric_16_1,80209
SOX10_HMG_full_dimeric_16_1,81550
SOX10_HMG_full_dimeric_16_1,386618
SOX10_HMG_full_dimeric_16_1,10082
SOX10_HMG_full_dimeric_16_1,57213
SOX10_HMG_full_dimeric_16_1,283518
SOX10_HMG_full_dimeric_16_1,253832
SOX10_HMG_full_dimeric_16_1,2971
SOX10_HMG_full_dimeric_16_1,11166
SOX10_HMG_full_dimeric_16_1,171425
SOX10_HMG_full_dimeric_16_1,22821
SOX10_HMG_full_dimeric_16_1,55270
SOX10_HMG_full_dimeric_16_1,5101
SOX10_HMG_full_dimeric_16_1,283489
SOX10_HMG_full_dimeric_16_1,51218
SOX10_HMG_full_dimeric_16_1,55320
SOX10_HMG_full_dimeric_16_1,51339
SOX10_HMG_full_dimeric_16_1,4329
SOX10_HMG_full_dimeric_16_1,57578
SOX10_HMG_full_dimeric_16_1,2290
SOX10_HMG_full_dimeric_16_1,283
SOX10_HMG_full_dimeric_16_1,2342
SOX10_HMG_full_dimeric_16_1,2353
SOX10_HMG_full_dimeric_16_1,10572
SOX10_HMG_full_dimeric_16_1,80224
SOX10_HMG_full_dimeric_16_1,4522
SOX10_HMG_full_dimeric_16_1,51637
SOX10_HMG_full_dimeric_16_1,22990
SOX10_HMG_full_dimeric_16_1,55727
SOX10_HMG_full_dimeric_16_1,623
SOX10_HMG_full_dimeric_16_1,677
SOX10_HMG_full_dimeric_16_1,91748
SOX10_HMG_full_dimeric_16_1,801
SOX10_HMG_full_dimeric_16_1,84962
SOX10_HMG_full_dimeric_16_1,3091
SOX10_HMG_full_dimeric_16_1,9240
SOX10_HMG_full_dimeric_16_1,7253
SOX10_HMG_full_dimeric_16_1,9362
SOX10_HMG_full_dimeric_16_1,9369
SOX10_HMG_full_dimeric_16_1,3306
SOX10_HMG_full_dimeric_16_1,30001
SOX10_HMG_full_dimeric_16_1,171546
SOX10_HMG_full_dimeric_16_1,388015
SOX10_HMG_full_dimeric_16_1,5732
SOX10_HMG_full_dimeric_16_1,91750
SOX10_HMG_full_dimeric_16_1,57161
SOX10_HMG_full_dimeric_16_1,26499
SOX10_HMG_full_dimeric_16_1,6038
SOX10_HMG_full_dimeric_16_1,122786
SOX10_HMG_full_dimeric_16_1,8110
SOX10_HMG_full_dimeric_16_1,10202
SOX10_HMG_full_dimeric_16_1,4130
SOX10_HMG_full_dimeric_16_1,53346
SOX10_HMG_full_dimeric_16_1,51324
SOX10_HMG_full_dimeric_16_1,8482
SOX10_HMG_full_dimeric_16_1,653643
SOX10_HMG_full_dimeric_16_1,80208
SOX10_HMG_full_dimeric_16_1,10588
SOX10_HMG_full_dimeric_16_1,6638
SOX10_HMG_full_dimeric_16_1,597
SOX10_HMG_full_dimeric_16_1,4734
SOX10_HMG_full_dimeric_16_1,64963
SOX10_HMG_full_dimeric_16_1,388125
SOX10_HMG_full_dimeric_16_1,4947
SOX10_HMG_full_dimeric_16_1,23431
SOX10_HMG_full_dimeric_16_1,84888
SOX10_HMG_full_dimeric_16_1,7158
SOX10_HMG_full_dimeric_16_1,7168
SOX10_HMG_full_dimeric_16_1,1106
SOX10_HMG_full_dimeric_16_1,9493
SOX10_HMG_full_dimeric_16_1,91433
SOX10_HMG_full_dimeric_16_1,1512
SOX10_HMG_full_dimeric_16_1,3658
SOX10_HMG_full_dimeric_16_1,81488
SOX10_HMG_full_dimeric_16_1,3671
SOX10_HMG_full_dimeric_16_1,9824
SOX10_HMG_full_dimeric_16_1,114294
SOX10_HMG_full_dimeric_16_1,54956
SOX10_HMG_full_dimeric_16_1,89839
SOX10_HMG_full_dimeric_16_1,79661
SOX10_HMG_full_dimeric_16_1,79705
SOX10_HMG_full_dimeric_16_1,10099
SOX10_HMG_full_dimeric_16_1,51065
SOX10_HMG_full_dimeric_16_1,79811
SOX10_HMG_full_dimeric_16_1,26589
SOX10_HMG_full_dimeric_16_1,10308
SOX10_HMG_full_dimeric_16_1,23214
SOX10_HMG_full_dimeric_16_1,115
SOX10_HMG_full_dimeric_16_1,124274
SOX10_HMG_full_dimeric_16_1,57020
SOX10_HMG_full_dimeric_16_1,55565
SOX10_HMG_full_dimeric_16_1,28955
SOX10_HMG_full_dimeric_16_1,84256
SOX10_HMG_full_dimeric_16_1,23274
SOX10_HMG_full_dimeric_16_1,4502
SOX10_HMG_full_dimeric_16_1,29117
SOX10_HMG_full_dimeric_16_1,463
SOX10_HMG_full_dimeric_16_1,27183
SOX10_HMG_full_dimeric_16_1,100287036
SOX10_HMG_full_dimeric_16_1,23204
SOX10_HMG_full_dimeric_16_1,84656
SOX10_HMG_full_dimeric_16_1,146212
SOX10_HMG_full_dimeric_16_1,7023
SOX10_HMG_full_dimeric_16_1,29855
SOX10_HMG_full_dimeric_16_1,84937
SOX10_HMG_full_dimeric_16_1,3029
SOX10_HMG_full_dimeric_16_1,23536
SOX10_HMG_full_dimeric_16_1,1009
SOX10_HMG_full_dimeric_16_1,9289
SOX10_HMG_full_dimeric_16_1,388272
SOX10_HMG_full_dimeric_16_1,9516
SOX10_HMG_full_dimeric_16_1,79759
SOX10_HMG_full_dimeric_16_1,26048
SOX10_HMG_full_dimeric_16_1,9683
SOX10_HMG_full_dimeric_16_1,3566
SOX10_HMG_full_dimeric_16_1,9726
SOX10_HMG_full_dimeric_16_1,9727
SOX10_HMG_full_dimeric_16_1,5652
SOX10_HMG_full_dimeric_16_1,3801
SOX10_HMG_full_dimeric_16_1,89970
SOX10_HMG_full_dimeric_16_1,79831
SOX10_HMG_full_dimeric_16_1,81889
SOX10_HMG_full_dimeric_16_1,55282
SOX10_HMG_full_dimeric_16_1,4094
SOX10_HMG_full_dimeric_16_1,6346
SOX10_HMG_full_dimeric_16_1,4353
SOX10_HMG_full_dimeric_16_1,4355
SOX10_HMG_full_dimeric_16_1,10626
SOX10_HMG_full_dimeric_16_1,28958
SOX10_HMG_full_dimeric_16_1,8493
SOX10_HMG_full_dimeric_16_1,80221
SOX10_HMG_full_dimeric_16_1,516
SOX10_HMG_full_dimeric_16_1,535
SOX10_HMG_full_dimeric_16_1,162333
SOX10_HMG_full_dimeric_16_1,10801
SOX10_HMG_full_dimeric_16_1,113277
SOX10_HMG_full_dimeric_16_1,84669
SOX10_HMG_full_dimeric_16_1,10951
SOX10_HMG_full_dimeric_16_1,84687
SOX10_HMG_full_dimeric_16_1,9020
SOX10_HMG_full_dimeric_16_1,11143
SOX10_HMG_full_dimeric_16_1,100505753
SOX10_HMG_full_dimeric_16_1,9526
SOX10_HMG_full_dimeric_16_1,100533177
SOX10_HMG_full_dimeric_16_1,968
SOX10_HMG_full_dimeric_16_1,26083
SOX10_HMG_full_dimeric_16_1,26207
SOX10_HMG_full_dimeric_16_1,23558
SOX10_HMG_full_dimeric_16_1,11276
SOX10_HMG_full_dimeric_16_1,5176
SOX10_HMG_full_dimeric_16_1,5216
SOX10_HMG_full_dimeric_16_1,3212
SOX10_HMG_full_dimeric_16_1,91369
SOX10_HMG_full_dimeric_16_1,85291
SOX10_HMG_full_dimeric_16_1,1353
SOX10_HMG_full_dimeric_16_1,252983
SOX10_HMG_full_dimeric_16_1,5573
SOX10_HMG_full_dimeric_16_1,5578
SOX10_HMG_full_dimeric_16_1,1534
SOX10_HMG_full_dimeric_16_1,54785
SOX10_HMG_full_dimeric_16_1,7716
SOX10_HMG_full_dimeric_16_1,388341
SOX10_HMG_full_dimeric_16_1,54883
SOX10_HMG_full_dimeric_16_1,51136
SOX10_HMG_full_dimeric_16_1,84961
SOX10_HMG_full_dimeric_16_1,3773
SOX10_HMG_full_dimeric_16_1,79736
SOX10_HMG_full_dimeric_16_1,3980
SOX10_HMG_full_dimeric_16_1,124817
SOX10_HMG_full_dimeric_16_1,94103
SOX10_HMG_full_dimeric_16_1,1949
SOX10_HMG_full_dimeric_16_1,83903
SOX10_HMG_full_dimeric_16_1,81872
SOX10_HMG_full_dimeric_16_1,79850
SOX10_HMG_full_dimeric_16_1,23136
SOX10_HMG_full_dimeric_16_1,8736
SOX10_HMG_full_dimeric_16_1,10939
SOX10_HMG_full_dimeric_16_1,7276
SOX10_HMG_full_dimeric_16_1,51320
SOX10_HMG_full_dimeric_16_1,29090
SOX10_HMG_full_dimeric_16_1,54941
SOX10_HMG_full_dimeric_16_1,84203
SOX10_HMG_full_dimeric_16_1,201456
SOX10_HMG_full_dimeric_16_1,55556
SOX10_HMG_full_dimeric_16_1,6925
SOX10_HMG_full_dimeric_16_1,220441
SOX10_HMG_full_dimeric_16_1,1829
SOX10_HMG_full_dimeric_16_1,55205
SOX10_HMG_full_dimeric_16_1,5055
SOX10_HMG_full_dimeric_16_1,55748
SOX10_HMG_full_dimeric_16_1,27098
SOX10_HMG_full_dimeric_16_1,57616
SOX10_HMG_full_dimeric_16_1,147808
SOX10_HMG_full_dimeric_16_1,729956
SOX10_HMG_full_dimeric_16_1,91120
SOX10_HMG_full_dimeric_16_1,140467
SOX10_HMG_full_dimeric_16_1,9466
SOX10_HMG_full_dimeric_16_1,9668
SOX10_HMG_full_dimeric_16_1,83878
SOX10_HMG_full_dimeric_16_1,10212
SOX10_HMG_full_dimeric_16_1,10224
SOX10_HMG_full_dimeric_16_1,10365
SOX10_HMG_full_dimeric_16_1,2357
SOX10_HMG_full_dimeric_16_1,10653
SOX10_HMG_full_dimeric_16_1,84787
SOX10_HMG_full_dimeric_16_1,84941
SOX10_HMG_full_dimeric_16_1,23770
SOX10_HMG_full_dimeric_16_1,388552
SOX10_HMG_full_dimeric_16_1,29086
SOX10_HMG_full_dimeric_16_1,126375
SOX10_HMG_full_dimeric_16_1,4616
SOX10_HMG_full_dimeric_16_1,201516
SOX10_HMG_full_dimeric_16_1,644096
SOX10_HMG_full_dimeric_16_1,79090
SOX10_HMG_full_dimeric_16_1,5731
SOX10_HMG_full_dimeric_16_1,29924
SOX10_HMG_full_dimeric_16_1,284459
SOX10_HMG_full_dimeric_16_1,55228
SOX10_HMG_full_dimeric_16_1,55311
SOX10_HMG_full_dimeric_16_1,80110
SOX10_HMG_full_dimeric_16_1,22835
SOX10_HMG_full_dimeric_16_1,22847
SOX10_HMG_full_dimeric_16_1,6597
SOX10_HMG_full_dimeric_16_1,23031
SOX10_HMG_full_dimeric_16_1,56006
SOX10_HMG_full_dimeric_16_1,7089
SOX10_HMG_full_dimeric_16_1,23476
SOX10_HMG_full_dimeric_16_1,117286
SOX10_HMG_full_dimeric_16_1,7554
SOX10_HMG_full_dimeric_16_1,7766
SOX10_HMG_full_dimeric_16_1,10326
SOX10_HMG_full_dimeric_16_1,22903
SOX10_HMG_full_dimeric_16_1,79913
SOX10_HMG_full_dimeric_16_1,2778
SOX10_HMG_full_dimeric_16_1,51507
SOX10_HMG_full_dimeric_16_1,55653
SOX10_HMG_full_dimeric_16_1,51575
SOX10_HMG_full_dimeric_16_1,6590
SOX10_HMG_full_dimeric_16_1,23054
SOX10_HMG_full_dimeric_16_1,128434
SOX10_HMG_full_dimeric_16_1,650
SOX10_HMG_full_dimeric_16_1,55959
SOX10_HMG_full_dimeric_16_1,11034
SOX10_HMG_full_dimeric_16_1,23394
SOX10_HMG_full_dimeric_16_1,56261
SOX10_HMG_full_dimeric_16_1,171023
SOX10_HMG_full_dimeric_16_1,23613
SOX10_HMG_full_dimeric_16_1,63939
SOX10_HMG_full_dimeric_16_1,26152
SOX10_HMG_full_dimeric_16_1,79133
SOX10_HMG_full_dimeric_16_1,5509
SOX10_HMG_full_dimeric_16_1,140710
SOX10_HMG_full_dimeric_16_1,7692
SOX10_HMG_full_dimeric_16_1,140893
SOX10_HMG_full_dimeric_16_1,81502
SOX10_HMG_full_dimeric_16_1,56937
SOX10_HMG_full_dimeric_16_1,5770
SOX10_HMG_full_dimeric_16_1,57136
SOX10_HMG_full_dimeric_16_1,51006
SOX10_HMG_full_dimeric_16_1,3929
SOX10_HMG_full_dimeric_16_1,128869
SOX10_HMG_full_dimeric_16_1,8204
SOX10_HMG_full_dimeric_16_1,571
SOX10_HMG_full_dimeric_16_1,56894
SOX10_HMG_full_dimeric_16_1,10311
SOX10_HMG_full_dimeric_16_1,49854
SOX10_HMG_full_dimeric_16_1,3772
SOX10_HMG_full_dimeric_16_1,643812
SOX10_HMG_full_dimeric_16_1,1826
SOX10_HMG_full_dimeric_16_1,23181
SOX10_HMG_full_dimeric_16_1,100131902
SOX10_HMG_full_dimeric_16_1,7074
SOX10_HMG_full_dimeric_16_1,116159
SOX10_HMG_full_dimeric_16_1,23515
SOX10_HMG_full_dimeric_16_1,129049
SOX10_HMG_full_dimeric_16_1,4174
SOX10_HMG_full_dimeric_16_1,157
SOX10_HMG_full_dimeric_16_1,51537
SOX10_HMG_full_dimeric_16_1,6525
SOX10_HMG_full_dimeric_16_1,51586
SOX10_HMG_full_dimeric_16_1,468
SOX10_HMG_full_dimeric_16_1,27156
SOX10_HMG_full_dimeric_16_1,4689
SOX10_HMG_full_dimeric_16_1,4733
SOX10_HMG_full_dimeric_16_1,4744
SOX10_HMG_full_dimeric_16_1,27351
SOX10_HMG_full_dimeric_16_1,23313
SOX10_HMG_full_dimeric_16_1,6942
SOX10_HMG_full_dimeric_16_1,2847
SOX10_HMG_full_dimeric_16_1,80832
SOX10_HMG_full_dimeric_16_1,3053
SOX10_HMG_full_dimeric_16_1,54471
SOX10_HMG_full_dimeric_16_1,79087
SOX10_HMG_full_dimeric_16_1,1312
SOX10_HMG_full_dimeric_16_1,2952
SOX10_HMG_full_dimeric_16_1,91464
SOX10_HMG_full_dimeric_16_1,9609
SOX10_HMG_full_dimeric_16_1,2547
SOX10_HMG_full_dimeric_16_1,91689
SOX10_HMG_full_dimeric_16_1,57026
SOX10_HMG_full_dimeric_16_1,9978
SOX10_HMG_full_dimeric_16_1,83733
SOX10_HMG_full_dimeric_16_1,57168
SOX10_HMG_full_dimeric_16_1,79174
SOX10_HMG_full_dimeric_16_1,139285
SOX10_HMG_full_dimeric_16_1,6839
SOX10_HMG_full_dimeric_16_1,57481
SOX10_HMG_full_dimeric_16_1,282808
SOX10_HMG_full_dimeric_16_1,2239
SOX10_HMG_full_dimeric_16_1,212
SOX10_HMG_full_dimeric_16_1,8473
SOX10_HMG_full_dimeric_16_1,357
SOX10_HMG_full_dimeric_16_1,55841
SOX10_HMG_full_dimeric_16_1,10943
SOX10_HMG_full_dimeric_16_1,27336
SOX10_HMG_full_dimeric_16_1,2824
SOX10_HMG_full_dimeric_16_1,2857
SOX10_HMG_full_dimeric_16_1,91966
SOX10_HMG_full_dimeric_16_1,55796
SOX10_HMG_full_dimeric_16_1,7105
SOX10_HMG_full_dimeric_16_1,56271
SOX10_HMG_full_dimeric_16_1,30011
SOX10_HMG_full_dimeric_16_1,55869
SOX10_HMG_full_dimeric_16_1,7547
SOX10_HMG_full_dimeric_16_1,3597
SOX10_HMG_full_dimeric_16_1,83604
SOX10_HMG_full_dimeric_16_1,83692
SOX10_HMG_full_dimeric_16_1,5935
SOX10_HMG_full_dimeric_16_1,1852
SOX10_HMG_full_dimeric_16_1,10159
SOX10_HMG_full_dimeric_16_1,55217
SOX10_HMG_full_dimeric_16_1,51186
V_AP2ALPHA_01_M00469,57530
V_AP2ALPHA_01_M00469,8407
V_AP2ALPHA_01_M00469,8458
V_AP2ALPHA_01_M00469,271
V_AP2ALPHA_01_M00469,57685
V_AP2ALPHA_01_M00469,57801
V_AP2ALPHA_01_M00469,10401
V_AP2ALPHA_01_M00469,9453
V_AP2ALPHA_01_M00469,140576
V_AP2ALPHA_01_M00469,9507
V_AP2ALPHA_01_M00469,9903
V_AP2ALPHA_01_M00469,255738
V_AP2ALPHA_01_M00469,83715
V_AP2ALPHA_01_M00469,59352
V_AP2ALPHA_01_M00469,10885
V_AP2ALPHA_01_M00469,2980
V_AP2ALPHA_01_M00469,257101
V_AP2ALPHA_01_M00469,199990
V_AP2ALPHA_01_M00469,200132
V_AP2ALPHA_01_M00469,3749
V_AP2ALPHA_01_M00469,3140
V_AP2ALPHA_01_M00469,4548
V_AP2ALPHA_01_M00469,4720
V_AP2ALPHA_01_M00469,5293
V_AP2ALPHA_01_M00469,54626
V_AP2ALPHA_01_M00469,5586
V_AP2ALPHA_01_M00469,54797
V_AP2ALPHA_01_M00469,5664
V_AP2ALPHA_01_M00469,54834
V_AP2ALPHA_01_M00469,390992
V_AP2ALPHA_01_M00469,79894
V_AP2ALPHA_01_M00469,374955
V_AP2ALPHA_01_M00469,55707
V_AP2ALPHA_01_M00469,55735
V_AP2ALPHA_01_M00469,56181
V_AP2ALPHA_01_M00469,7133
V_AP2ALPHA_01_M00469,51742
V_AP2ALPHA_01_M00469,7799
V_AP2ALPHA_01_M00469,6241
V_AP2ALPHA_01_M00469,53335
V_AP2ALPHA_01_M00469,6335
V_AP2ALPHA_01_M00469,51239
V_AP2ALPHA_01_M00469,28951
V_AP2ALPHA_01_M00469,284996
V_AP2ALPHA_01_M00469,57669
V_AP2ALPHA_01_M00469,6496
V_AP2ALPHA_01_M00469,100131211
V_AP2ALPHA_01_M00469,130813
V_AP2ALPHA_01_M00469,10791
V_AP2ALPHA_01_M00469,4880
V_AP2ALPHA_01_M00469,5013
V_AP2ALPHA_01_M00469,9392
V_AP2ALPHA_01_M00469,9394
V_AP2ALPHA_01_M00469,80775
V_AP2ALPHA_01_M00469,1386
V_AP2ALPHA_01_M00469,6936
V_AP2ALPHA_01_M00469,57471
V_AP2ALPHA_01_M00469,3676
V_AP2ALPHA_01_M00469,55571
V_AP2ALPHA_01_M00469,646960
V_AP2ALPHA_01_M00469,8372
V_AP2ALPHA_01_M00469,200933
V_AP2ALPHA_01_M00469,2317
V_AP2ALPHA_01_M00469,10550
V_AP2ALPHA_01_M00469,79188
V_AP2ALPHA_01_M00469,131474
V_AP2ALPHA_01_M00469,27032
V_AP2ALPHA_01_M00469,131601
V_AP2ALPHA_01_M00469,285335
V_AP2ALPHA_01_M00469,868
V_AP2ALPHA_01_M00469,10057
V_AP2ALPHA_01_M00469,348793
V_AP2ALPHA_01_M00469,7375
V_AP2ALPHA_01_M00469,64778
V_AP2ALPHA_01_M00469,3373
V_AP2ALPHA_01_M00469,7474
V_AP2ALPHA_01_M00469,25915
V_AP2ALPHA_01_M00469,64925
V_AP2ALPHA_01_M00469,26140
V_AP2ALPHA_01_M00469,24142
V_AP2ALPHA_01_M00469,79669
V_AP2ALPHA_01_M00469,55152
V_AP2ALPHA_01_M00469,79982
V_AP2ALPHA_01_M00469,493856
V_AP2ALPHA_01_M00469,256309
V_AP2ALPHA_01_M00469,685
V_AP2ALPHA_01_M00469,3015
V_AP2ALPHA_01_M00469,7323
V_AP2ALPHA_01_M00469,5978
V_AP2ALPHA_01_M00469,10098
V_AP2ALPHA_01_M00469,55247
V_AP2ALPHA_01_M00469,22885
V_AP2ALPHA_01_M00469,4651
V_AP2ALPHA_01_M00469,662
V_AP2ALPHA_01_M00469,2870
V_AP2ALPHA_01_M00469,84851
V_AP2ALPHA_01_M00469,5159
V_AP2ALPHA_01_M00469,23635
V_AP2ALPHA_01_M00469,7518
V_AP2ALPHA_01_M00469,3593
V_AP2ALPHA_01_M00469,153339
V_AP2ALPHA_01_M00469,51014
V_AP2ALPHA_01_M00469,3937
V_AP2ALPHA_01_M00469,10111
V_AP2ALPHA_01_M00469,100302736
V_AP2ALPHA_01_M00469,1958
V_AP2ALPHA_01_M00469,51256
V_AP2ALPHA_01_M00469,4172
V_AP2ALPHA_01_M00469,221443
V_AP2ALPHA_01_M00469,10786
V_AP2ALPHA_01_M00469,65989
V_AP2ALPHA_01_M00469,4795
V_AP2ALPHA_01_M00469,4800
V_AP2ALPHA_01_M00469,23500
V_AP2ALPHA_01_M00469,93643
V_AP2ALPHA_01_M00469,347733
V_AP2ALPHA_01_M00469,55005
V_AP2ALPHA_01_M00469,79624
V_AP2ALPHA_01_M00469,253714
V_AP2ALPHA_01_M00469,136263
V_AP2ALPHA_01_M00469,6624
V_AP2ALPHA_01_M00469,5054
V_AP2ALPHA_01_M00469,84928
V_AP2ALPHA_01_M00469,11335
V_AP2ALPHA_01_M00469,3181
V_AP2ALPHA_01_M00469,1278
V_AP2ALPHA_01_M00469,7472
V_AP2ALPHA_01_M00469,9844
V_AP2ALPHA_01_M00469,81628
V_AP2ALPHA_01_M00469,10071
V_AP2ALPHA_01_M00469,51142
V_AP2ALPHA_01_M00469,10
V_AP2ALPHA_01_M00469,55326
V_AP2ALPHA_01_M00469,22882
V_AP2ALPHA_01_M00469,22898
V_AP2ALPHA_01_M00469,2626
V_AP2ALPHA_01_M00469,55893
V_AP2ALPHA_01_M00469,55909
V_AP2ALPHA_01_M00469,157285
V_AP2ALPHA_01_M00469,79870
V_AP2ALPHA_01_M00469,55363
V_AP2ALPHA_01_M00469,10585
V_AP2ALPHA_01_M00469,90865
V_AP2ALPHA_01_M00469,90678
V_AP2ALPHA_01_M00469,55871
V_AP2ALPHA_01_M00469,4882
V_AP2ALPHA_01_M00469,7111
V_AP2ALPHA_01_M00469,11217
V_AP2ALPHA_01_M00469,1025
V_AP2ALPHA_01_M00469,116225
V_AP2ALPHA_01_M00469,3309
V_AP2ALPHA_01_M00469,1271
V_AP2ALPHA_01_M00469,29988
V_AP2ALPHA_01_M00469,1612
V_AP2ALPHA_01_M00469,89853
V_AP2ALPHA_01_M00469,6136
V_AP2ALPHA_01_M00469,79955
V_AP2ALPHA_01_M00469,80019
V_AP2ALPHA_01_M00469,8513
V_AP2ALPHA_01_M00469,63877
V_AP2ALPHA_01_M00469,22929
V_AP2ALPHA_01_M00469,84445
V_AP2ALPHA_01_M00469,219749
V_AP2ALPHA_01_M00469,664
V_AP2ALPHA_01_M00469,8861
V_AP2ALPHA_01_M00469,64210
V_AP2ALPHA_01_M00469,84795
V_AP2ALPHA_01_M00469,1244
V_AP2ALPHA_01_M00469,7580
V_AP2ALPHA_01_M00469,5033
V_AP2ALPHA_01_M00469,81855
V_AP2ALPHA_01_M00469,6181
V_AP2ALPHA_01_M00469,4162
V_AP2ALPHA_01_M00469,10312
V_AP2ALPHA_01_M00469,10235
V_AP2ALPHA_01_M00469,254439
V_AP2ALPHA_01_M00469,51773
V_AP2ALPHA_01_M00469,643
V_AP2ALPHA_01_M00469,28971
V_AP2ALPHA_01_M00469,51092
V_AP2ALPHA_01_M00469,4038
V_AP2ALPHA_01_M00469,10196
V_AP2ALPHA_01_M00469,4327
V_AP2ALPHA_01_M00469,84305
V_AP2ALPHA_01_M00469,4604
V_AP2ALPHA_01_M00469,55832
V_AP2ALPHA_01_M00469,4778
V_AP2ALPHA_01_M00469,2802
V_AP2ALPHA_01_M00469,160518
V_AP2ALPHA_01_M00469,23344
V_AP2ALPHA_01_M00469,84790
V_AP2ALPHA_01_M00469,11153
V_AP2ALPHA_01_M00469,5037
V_AP2ALPHA_01_M00469,64375
V_AP2ALPHA_01_M00469,11176
V_AP2ALPHA_01_M00469,56901
V_AP2ALPHA_01_M00469,1606
V_AP2ALPHA_01_M00469,5829
V_AP2ALPHA_01_M00469,11226
V_AP2ALPHA_01_M00469,9498
V_AP2ALPHA_01_M00469,55266
V_AP2ALPHA_01_M00469,341676
V_AP2ALPHA_01_M00469,7347
V_AP2ALPHA_01_M00469,122046
V_AP2ALPHA_01_M00469,55504
V_AP2ALPHA_01_M00469,2321
V_AP2ALPHA_01_M00469,115761
V_AP2ALPHA_01_M00469,8848
V_AP2ALPHA_01_M00469,220108
V_AP2ALPHA_01_M00469,51222
V_AP2ALPHA_01_M00469,123041
V_AP2ALPHA_01_M00469,2287
V_AP2ALPHA_01_M00469,10490
V_AP2ALPHA_01_M00469,57697
V_AP2ALPHA_01_M00469,55701
V_AP2ALPHA_01_M00469,2530
V_AP2ALPHA_01_M00469,113146
V_AP2ALPHA_01_M00469,64207
V_AP2ALPHA_01_M00469,60485
V_AP2ALPHA_01_M00469,3169
V_AP2ALPHA_01_M00469,122616
V_AP2ALPHA_01_M00469,80125
V_AP2ALPHA_01_M00469,22909
V_AP2ALPHA_01_M00469,27020
V_AP2ALPHA_01_M00469,146059
V_AP2ALPHA_01_M00469,8926
V_AP2ALPHA_01_M00469,123720
V_AP2ALPHA_01_M00469,123722
V_AP2ALPHA_01_M00469,5045
V_AP2ALPHA_01_M00469,7158
V_AP2ALPHA_01_M00469,2644
V_AP2ALPHA_01_M00469,79661
V_AP2ALPHA_01_M00469,10066
V_AP2ALPHA_01_M00469,51283
V_AP2ALPHA_01_M00469,4495
V_AP2ALPHA_01_M00469,4496
V_AP2ALPHA_01_M00469,8651
V_AP2ALPHA_01_M00469,2653
V_AP2ALPHA_01_M00469,64127
V_AP2ALPHA_01_M00469,64223
V_AP2ALPHA_01_M00469,5073
V_AP2ALPHA_01_M00469,79412
V_AP2ALPHA_01_M00469,57149
V_AP2ALPHA_01_M00469,3931
V_AP2ALPHA_01_M00469,123879
V_AP2ALPHA_01_M00469,6137
V_AP2ALPHA_01_M00469,2081
V_AP2ALPHA_01_M00469,37
V_AP2ALPHA_01_M00469,125058
V_AP2ALPHA_01_M00469,6356
V_AP2ALPHA_01_M00469,4628
V_AP2ALPHA_01_M00469,51751
V_AP2ALPHA_01_M00469,6720
V_AP2ALPHA_01_M00469,2648
V_AP2ALPHA_01_M00469,94086
V_AP2ALPHA_01_M00469,146712
V_AP2ALPHA_01_M00469,10458
V_AP2ALPHA_01_M00469,55135
V_AP2ALPHA_01_M00469,7157
V_AP2ALPHA_01_M00469,3216
V_AP2ALPHA_01_M00469,1398
V_AP2ALPHA_01_M00469,1742
V_AP2ALPHA_01_M00469,55036
V_AP2ALPHA_01_M00469,124808
V_AP2ALPHA_01_M00469,51087
V_AP2ALPHA_01_M00469,5205
V_AP2ALPHA_01_M00469,8792
V_AP2ALPHA_01_M00469,3613
V_AP2ALPHA_01_M00469,494470
V_AP2ALPHA_01_M00469,1528
V_AP2ALPHA_01_M00469,4092
V_AP2ALPHA_01_M00469,166
V_AP2ALPHA_01_M00469,208
V_AP2ALPHA_01_M00469,90321
V_AP2ALPHA_01_M00469,90333
V_AP2ALPHA_01_M00469,57731
V_AP2ALPHA_01_M00469,147949
V_AP2ALPHA_01_M00469,645
V_AP2ALPHA_01_M00469,8943
V_AP2ALPHA_01_M00469,148254
V_AP2ALPHA_01_M00469,826
V_AP2ALPHA_01_M00469,25796
V_AP2ALPHA_01_M00469,50509
V_AP2ALPHA_01_M00469,91661
V_AP2ALPHA_01_M00469,91664
V_AP2ALPHA_01_M00469,83546
V_AP2ALPHA_01_M00469,116444
V_AP2ALPHA_01_M00469,1777
V_AP2ALPHA_01_M00469,2109
V_AP2ALPHA_01_M00469,84261
V_AP2ALPHA_01_M00469,10535
V_AP2ALPHA_01_M00469,10661
V_AP2ALPHA_01_M00469,10848
V_AP2ALPHA_01_M00469,84775
V_AP2ALPHA_01_M00469,125875
V_AP2ALPHA_01_M00469,93343
V_AP2ALPHA_01_M00469,388561
V_AP2ALPHA_01_M00469,4606
V_AP2ALPHA_01_M00469,4818
V_AP2ALPHA_01_M00469,5566
V_AP2ALPHA_01_M00469,26993
V_AP2ALPHA_01_M00469,55527
V_AP2ALPHA_01_M00469,22983
V_AP2ALPHA_01_M00469,55762
V_AP2ALPHA_01_M00469,7001
V_AP2ALPHA_01_M00469,10849
V_AP2ALPHA_01_M00469,23526
V_AP2ALPHA_01_M00469,8178
V_AP2ALPHA_01_M00469,51230
V_AP2ALPHA_01_M00469,10326
V_AP2ALPHA_01_M00469,27111
V_AP2ALPHA_01_M00469,955
V_AP2ALPHA_01_M00469,994
V_AP2ALPHA_01_M00469,54345
V_AP2ALPHA_01_M00469,116092
V_AP2ALPHA_01_M00469,140686
V_AP2ALPHA_01_M00469,1299
V_AP2ALPHA_01_M00469,128653
V_AP2ALPHA_01_M00469,100288797
V_AP2ALPHA_01_M00469,1827
V_AP2ALPHA_01_M00469,6612
V_AP2ALPHA_01_M00469,129049
V_AP2ALPHA_01_M00469,8224
V_AP2ALPHA_01_M00469,129080
V_AP2ALPHA_01_M00469,6300
V_AP2ALPHA_01_M00469,157
V_AP2ALPHA_01_M00469,8459
V_AP2ALPHA_01_M00469,6721
V_AP2ALPHA_01_M00469,51807
V_AP2ALPHA_01_M00469,5155
V_AP2ALPHA_01_M00469,29775
V_AP2ALPHA_01_M00469,25775
V_AP2ALPHA_01_M00469,7533
V_AP2ALPHA_01_M00469,6303
V_AP2ALPHA_01_M00469,54521
V_AP2ALPHA_01_M00469,3597
V_AP2ALPHA_01_M00469,79917
V_SIX6_01_M01345,88
V_SIX6_01_M01345,405
V_SIX6_01_M01345,8674
V_SIX6_01_M01345,8880
V_SIX6_01_M01345,148304
V_SIX6_01_M01345,353131
V_SIX6_01_M01345,148345
V_SIX6_01_M01345,63036
V_SIX6_01_M01345,1486
V_SIX6_01_M01345,9698
V_SIX6_01_M01345,116228
V_SIX6_01_M01345,1647
V_SIX6_01_M01345,26227
V_SIX6_01_M01345,1676
V_SIX6_01_M01345,9869
V_SIX6_01_M01345,50848
V_SIX6_01_M01345,116496
V_SIX6_01_M01345,10076
V_SIX6_01_M01345,51093
V_SIX6_01_M01345,149563
V_SIX6_01_M01345,2117
V_SIX6_01_M01345,10380
V_SIX6_01_M01345,10420
V_SIX6_01_M01345,10500
V_SIX6_01_M01345,2329
V_SIX6_01_M01345,84301
V_SIX6_01_M01345,26994
V_SIX6_01_M01345,10630
V_SIX6_01_M01345,27095
V_SIX6_01_M01345,2709
V_SIX6_01_M01345,2773
V_SIX6_01_M01345,11311
V_SIX6_01_M01345,3192
V_SIX6_01_M01345,403314
V_SIX6_01_M01345,3290
V_SIX6_01_M01345,388591
V_SIX6_01_M01345,3595
V_SIX6_01_M01345,51118
V_SIX6_01_M01345,339512
V_SIX6_01_M01345,3756
V_SIX6_01_M01345,4179
V_SIX6_01_M01345,4904
V_SIX6_01_M01345,4931
V_SIX6_01_M01345,54206
V_SIX6_01_M01345,5195
V_SIX6_01_M01345,54810
V_SIX6_01_M01345,5788
V_SIX6_01_M01345,5824
V_SIX6_01_M01345,55092
V_SIX6_01_M01345,79739
V_SIX6_01_M01345,6279
V_SIX6_01_M01345,6429
V_SIX6_01_M01345,55672
V_SIX6_01_M01345,55699
V_SIX6_01_M01345,63923
V_SIX6_01_M01345,26135
V_SIX6_01_M01345,113444
V_SIX6_01_M01345,7042
V_SIX6_01_M01345,64407
V_SIX6_01_M01345,23585
V_SIX6_01_M01345,23632
V_SIX6_01_M01345,7398
V_SIX6_01_M01345,64744
V_SIX6_01_M01345,81849
V_SIX6_01_M01345,81875
V_SIX6_01_M01345,57326
V_SIX6_01_M01345,6242
V_SIX6_01_M01345,57448
V_SIX6_01_M01345,2181
V_SIX6_01_M01345,200403
V_SIX6_01_M01345,57624
V_SIX6_01_M01345,51542
V_SIX6_01_M01345,23040
V_SIX6_01_M01345,6670
V_SIX6_01_M01345,494143
V_SIX6_01_M01345,6775
V_SIX6_01_M01345,8853
V_SIX6_01_M01345,6868
V_SIX6_01_M01345,9689
V_SIX6_01_M01345,23332
V_SIX6_01_M01345,9014
V_SIX6_01_M01345,841
V_SIX6_01_M01345,150468
V_SIX6_01_M01345,55137
V_SIX6_01_M01345,9392
V_SIX6_01_M01345,7360
V_SIX6_01_M01345,3344
V_SIX6_01_M01345,79134
V_SIX6_01_M01345,130502
V_SIX6_01_M01345,29994
V_SIX6_01_M01345,9581
V_SIX6_01_M01345,5496
V_SIX6_01_M01345,9595
V_SIX6_01_M01345,5581
V_SIX6_01_M01345,3554
V_SIX6_01_M01345,1545
V_SIX6_01_M01345,3676
V_SIX6_01_M01345,8809
V_SIX6_01_M01345,10865
V_SIX6_01_M01345,9936
V_SIX6_01_M01345,1746
V_SIX6_01_M01345,5861
V_SIX6_01_M01345,55054
V_SIX6_01_M01345,57142
V_SIX6_01_M01345,79823
V_SIX6_01_M01345,55
V_SIX6_01_M01345,131177
V_SIX6_01_M01345,57552
V_SIX6_01_M01345,57560
V_SIX6_01_M01345,151835
V_SIX6_01_M01345,387
V_SIX6_01_M01345,6565
V_SIX6_01_M01345,10752
V_SIX6_01_M01345,27255
V_SIX6_01_M01345,2693
V_SIX6_01_M01345,55076
V_SIX6_01_M01345,6988
V_SIX6_01_M01345,200845
V_SIX6_01_M01345,11170
V_SIX6_01_M01345,22906
V_SIX6_01_M01345,64332
V_SIX6_01_M01345,64084
V_SIX6_01_M01345,25827
V_SIX6_01_M01345,1371
V_SIX6_01_M01345,151790
V_SIX6_01_M01345,3556
V_SIX6_01_M01345,29083
V_SIX6_01_M01345,5648
V_SIX6_01_M01345,9807
V_SIX6_01_M01345,64091
V_SIX6_01_M01345,116441
V_SIX6_01_M01345,1776
V_SIX6_01_M01345,5912
V_SIX6_01_M01345,10051
V_SIX6_01_M01345,1981
V_SIX6_01_M01345,131034
V_SIX6_01_M01345,4071
V_SIX6_01_M01345,54959
V_SIX6_01_M01345,23216
V_SIX6_01_M01345,10296
V_SIX6_01_M01345,125
V_SIX6_01_M01345,131
V_SIX6_01_M01345,175
V_SIX6_01_M01345,57606
V_SIX6_01_M01345,10586
V_SIX6_01_M01345,57721
V_SIX6_01_M01345,10744
V_SIX6_01_M01345,51778
V_SIX6_01_M01345,51809
V_SIX6_01_M01345,8821
V_SIX6_01_M01345,4750
V_SIX6_01_M01345,84803
V_SIX6_01_M01345,836
V_SIX6_01_M01345,2921
V_SIX6_01_M01345,152687
V_SIX6_01_M01345,54433
V_SIX6_01_M01345,201973
V_SIX6_01_M01345,255403
V_SIX6_01_M01345,100507096
V_SIX6_01_M01345,54940
V_SIX6_01_M01345,401124
V_SIX6_01_M01345,401138
V_SIX6_01_M01345,10879
V_SIX6_01_M01345,9982
V_SIX6_01_M01345,79644
V_SIX6_01_M01345,10098
V_SIX6_01_M01345,10141
V_SIX6_01_M01345,27071
V_SIX6_01_M01345,1977
V_SIX6_01_M01345,55299
V_SIX6_01_M01345,114825
V_SIX6_01_M01345,153768
V_SIX6_01_M01345,10412
V_SIX6_01_M01345,57222
V_SIX6_01_M01345,134285
V_SIX6_01_M01345,100505841
V_SIX6_01_M01345,6444
V_SIX6_01_M01345,22836
V_SIX6_01_M01345,51520
V_SIX6_01_M01345,84340
V_SIX6_01_M01345,22936
V_SIX6_01_M01345,8614
V_SIX6_01_M01345,4552
V_SIX6_01_M01345,4651
V_SIX6_01_M01345,23138
V_SIX6_01_M01345,730
V_SIX6_01_M01345,735
V_SIX6_01_M01345,8988
V_SIX6_01_M01345,11082
V_SIX6_01_M01345,5066
V_SIX6_01_M01345,285668
V_SIX6_01_M01345,3074
V_SIX6_01_M01345,23635
V_SIX6_01_M01345,134353
V_SIX6_01_M01345,79072
V_SIX6_01_M01345,9499
V_SIX6_01_M01345,167227
V_SIX6_01_M01345,202051
V_SIX6_01_M01345,64839
V_SIX6_01_M01345,116068
V_SIX6_01_M01345,26045
V_SIX6_01_M01345,3659
V_SIX6_01_M01345,54825
V_SIX6_01_M01345,54853
V_SIX6_01_M01345,56929
V_SIX6_01_M01345,5810
V_SIX6_01_M01345,256987
V_SIX6_01_M01345,4012
V_SIX6_01_M01345,100130733
V_SIX6_01_M01345,4015
V_SIX6_01_M01345,10924
V_SIX6_01_M01345,4121
V_SIX6_01_M01345,27145
V_SIX6_01_M01345,8343
V_SIX6_01_M01345,8351
V_SIX6_01_M01345,8367
V_SIX6_01_M01345,51390
V_SIX6_01_M01345,2289
V_SIX6_01_M01345,221443
V_SIX6_01_M01345,51465
V_SIX6_01_M01345,80177
V_SIX6_01_M01345,51645
V_SIX6_01_M01345,51660
V_SIX6_01_M01345,154091
V_SIX6_01_M01345,4594
V_SIX6_01_M01345,80317
V_SIX6_01_M01345,10345
V_SIX6_01_M01345,2697
V_SIX6_01_M01345,8876
V_SIX6_01_M01345,4795
V_SIX6_01_M01345,4800
V_SIX6_01_M01345,221303
V_SIX6_01_M01345,10370
V_SIX6_01_M01345,221322
V_SIX6_01_M01345,7020
V_SIX6_01_M01345,3008
V_SIX6_01_M01345,3013
V_SIX6_01_M01345,3017
V_SIX6_01_M01345,84946
V_SIX6_01_M01345,63933
V_SIX6_01_M01345,27154
V_SIX6_01_M01345,285761
V_SIX6_01_M01345,5272
V_SIX6_01_M01345,57120
V_SIX6_01_M01345,1490
V_SIX6_01_M01345,83443
V_SIX6_01_M01345,7741
V_SIX6_01_M01345,7746
V_SIX6_01_M01345,64780
V_SIX6_01_M01345,347744
V_SIX6_01_M01345,114327
V_SIX6_01_M01345,81567
V_SIX6_01_M01345,55003
V_SIX6_01_M01345,79627
V_SIX6_01_M01345,7957
V_SIX6_01_M01345,1832
V_SIX6_01_M01345,3910
V_SIX6_01_M01345,55122
V_SIX6_01_M01345,51053
V_SIX6_01_M01345,1915
V_SIX6_01_M01345,55166
V_SIX6_01_M01345,6098
V_SIX6_01_M01345,4082
V_SIX6_01_M01345,2045
V_SIX6_01_M01345,94239
V_SIX6_01_M01345,10282
V_SIX6_01_M01345,2115
V_SIX6_01_M01345,4223
V_SIX6_01_M01345,4233
V_SIX6_01_M01345,219285
V_SIX6_01_M01345,6369
V_SIX6_01_M01345,29062
V_SIX6_01_M01345,55112
V_SIX6_01_M01345,373156
V_SIX6_01_M01345,136263
V_SIX6_01_M01345,51631
V_SIX6_01_M01345,389541
V_SIX6_01_M01345,23008
V_SIX6_01_M01345,221927
V_SIX6_01_M01345,64327
V_SIX6_01_M01345,563
V_SIX6_01_M01345,4698
V_SIX6_01_M01345,55904
V_SIX6_01_M01345,84668
V_SIX6_01_M01345,23288
V_SIX6_01_M01345,2845
V_SIX6_01_M01345,2887
V_SIX6_01_M01345,84124
V_SIX6_01_M01345,84928
V_SIX6_01_M01345,23660
V_SIX6_01_M01345,5260
V_SIX6_01_M01345,154791
V_SIX6_01_M01345,3268
V_SIX6_01_M01345,7378
V_SIX6_01_M01345,1278
V_SIX6_01_M01345,5444
V_SIX6_01_M01345,25928
V_SIX6_01_M01345,261729
V_SIX6_01_M01345,91584
V_SIX6_01_M01345,1576
V_SIX6_01_M01345,80820
V_SIX6_01_M01345,56913
V_SIX6_01_M01345,100996928
V_SIX6_01_M01345,2137
V_SIX6_01_M01345,4325
V_SIX6_01_M01345,157773
V_SIX6_01_M01345,63978
V_SIX6_01_M01345,55790
V_SIX6_01_M01345,793
V_SIX6_01_M01345,6917
V_SIX6_01_M01345,23303
V_SIX6_01_M01345,81034
V_SIX6_01_M01345,100861412
V_SIX6_01_M01345,10395
V_SIX6_01_M01345,23471
V_SIX6_01_M01345,84955
V_SIX6_01_M01345,115908
V_SIX6_01_M01345,25879
V_SIX6_01_M01345,55284
V_SIX6_01_M01345,51201
V_SIX6_01_M01345,56943
V_SIX6_01_M01345,83696
V_SIX6_01_M01345,25897
V_SIX6_01_M01345,79698
V_SIX6_01_M01345,286148
V_SIX6_01_M01345,7169
V_SIX6_01_M01345,10319
V_SIX6_01_M01345,57462
V_SIX6_01_M01345,687
V_SIX6_01_M01345,84270
V_SIX6_01_M01345,26953
V_SIX6_01_M01345,55664
V_SIX6_01_M01345,90865
V_SIX6_01_M01345,55833
V_SIX6_01_M01345,6812
V_SIX6_01_M01345,6850
V_SIX6_01_M01345,8939
V_SIX6_01_M01345,27090
V_SIX6_01_M01345,158471
V_SIX6_01_M01345,2889
V_SIX6_01_M01345,23392
V_SIX6_01_M01345,100129669
V_SIX6_01_M01345,11217
V_SIX6_01_M01345,5090
V_SIX6_01_M01345,80380
V_SIX6_01_M01345,7248
V_SIX6_01_M01345,9314
V_SIX6_01_M01345,7357
V_SIX6_01_M01345,3301
V_SIX6_01_M01345,3309
V_SIX6_01_M01345,7539
V_SIX6_01_M01345,54662
V_SIX6_01_M01345,2315
V_SIX6_01_M01345,9833
V_SIX6_01_M01345,56832
V_SIX6_01_M01345,8021
V_SIX6_01_M01345,51207
V_SIX6_01_M01345,51363
V_SIX6_01_M01345,119032
V_SIX6_01_M01345,8644
V_SIX6_01_M01345,783
V_SIX6_01_M01345,338596
V_SIX6_01_M01345,23268
V_SIX6_01_M01345,84896
V_SIX6_01_M01345,1244
V_SIX6_01_M01345,9446
V_SIX6_01_M01345,9531
V_SIX6_01_M01345,91452
V_SIX6_01_M01345,26019
V_SIX6_01_M01345,3559
V_SIX6_01_M01345,142891
V_SIX6_01_M01345,1646
V_SIX6_01_M01345,3698
V_SIX6_01_M01345,27250
V_SIX6_01_M01345,60370
V_SIX6_01_M01345,1787
V_SIX6_01_M01345,8031
V_SIX6_01_M01345,118663
V_SIX6_01_M01345,81894
V_SIX6_01_M01345,8187
V_SIX6_01_M01345,10249
V_SIX6_01_M01345,38
V_SIX6_01_M01345,57562
V_SIX6_01_M01345,65003
V_SIX6_01_M01345,10235
V_SIX6_01_M01345,4312
V_SIX6_01_M01345,6392
V_SIX6_01_M01345,272
V_SIX6_01_M01345,8495
V_SIX6_01_M01345,55863
V_SIX6_01_M01345,8539
V_SIX6_01_M01345,219539
V_SIX6_01_M01345,55742
V_SIX6_01_M01345,6653
V_SIX6_01_M01345,143879
V_SIX6_01_M01345,283159
V_SIX6_01_M01345,253935
V_SIX6_01_M01345,1798
V_SIX6_01_M01345,4192
V_SIX6_01_M01345,219844
V_SIX6_01_M01345,27339
V_SIX6_01_M01345,23075
V_SIX6_01_M01345,84441
V_SIX6_01_M01345,387787
V_SIX6_01_M01345,4926
V_SIX6_01_M01345,7069
V_SIX6_01_M01345,220074
V_SIX6_01_M01345,26521
V_SIX6_01_M01345,60496
V_SIX6_01_M01345,1132
V_SIX6_01_M01345,100506742
V_SIX6_01_M01345,23682
V_SIX6_01_M01345,1207
V_SIX6_01_M01345,79073
V_SIX6_01_M01345,7465
V_SIX6_01_M01345,25996
V_SIX6_01_M01345,1500
V_SIX6_01_M01345,91614
V_SIX6_01_M01345,9866
V_SIX6_01_M01345,1740
V_SIX6_01_M01345,9854
V_SIX6_01_M01345,9404
V_SIX6_01_M01345,5962
V_SIX6_01_M01345,51035
V_SIX6_01_M01345,79733
V_SIX6_01_M01345,79832
V_SIX6_01_M01345,10978
V_SIX6_01_M01345,83935
V_SIX6_01_M01345,79842
V_SIX6_01_M01345,6171
V_SIX6_01_M01345,10330
V_SIX6_01_M01345,51434
V_SIX6_01_M01345,23014
V_SIX6_01_M01345,84530
V_SIX6_01_M01345,586
V_SIX6_01_M01345,55885
V_SIX6_01_M01345,10961
V_SIX6_01_M01345,55196
V_SIX6_01_M01345,6926
V_SIX6_01_M01345,338809
V_SIX6_01_M01345,25766
V_SIX6_01_M01345,5128
V_SIX6_01_M01345,1108
V_SIX6_01_M01345,54458
V_SIX6_01_M01345,84872
V_SIX6_01_M01345,7480
V_SIX6_01_M01345,55884
V_SIX6_01_M01345,728568
V_SIX6_01_M01345,3375
V_SIX6_01_M01345,89894
V_SIX6_01_M01345,440107
V_SIX6_01_M01345,5939
V_SIX6_01_M01345,55138
V_SIX6_01_M01345,552889
V_SIX6_01_M01345,4035
V_SIX6_01_M01345,1990
V_SIX6_01_M01345,10253
V_SIX6_01_M01345,10284
V_SIX6_01_M01345,54841
V_SIX6_01_M01345,7750
V_SIX6_01_M01345,1102
V_SIX6_01_M01345,341676
V_SIX6_01_M01345,2308
V_SIX6_01_M01345,79070
V_SIX6_01_M01345,241
V_SIX6_01_M01345,387911
V_SIX6_01_M01345,51028
V_SIX6_01_M01345,255967
V_SIX6_01_M01345,283518
V_SIX6_01_M01345,10150
V_SIX6_01_M01345,79944
V_SIX6_01_M01345,97
V_SIX6_01_M01345,4287
V_SIX6_01_M01345,23588
V_SIX6_01_M01345,283
V_SIX6_01_M01345,10577
V_SIX6_01_M01345,10598
V_SIX6_01_M01345,63894
V_SIX6_01_M01345,51637
V_SIX6_01_M01345,27109
V_SIX6_01_M01345,122961
V_SIX6_01_M01345,23186
V_SIX6_01_M01345,4776
V_SIX6_01_M01345,10979
V_SIX6_01_M01345,643866
V_SIX6_01_M01345,23351
V_SIX6_01_M01345,1112
V_SIX6_01_M01345,1113
V_SIX6_01_M01345,3183
V_SIX6_01_M01345,26030
V_SIX6_01_M01345,5684
V_SIX6_01_M01345,56948
V_SIX6_01_M01345,9870
V_SIX6_01_M01345,5836
V_SIX6_01_M01345,122618
V_SIX6_01_M01345,55051
V_SIX6_01_M01345,89874
V_SIX6_01_M01345,79696
V_SIX6_01_M01345,3958
V_SIX6_01_M01345,51077
V_SIX6_01_M01345,6038
V_SIX6_01_M01345,51203
V_SIX6_01_M01345,100137049
V_SIX6_01_M01345,55323
V_SIX6_01_M01345,55505
V_SIX6_01_M01345,80119
V_SIX6_01_M01345,196996
V_SIX6_01_M01345,123283
V_SIX6_01_M01345,23005
V_SIX6_01_M01345,55055
V_SIX6_01_M01345,10845
V_SIX6_01_M01345,123720
V_SIX6_01_M01345,400360
V_SIX6_01_M01345,11245
V_SIX6_01_M01345,388121
V_SIX6_01_M01345,11339
V_SIX6_01_M01345,5315
V_SIX6_01_M01345,5597
V_SIX6_01_M01345,54778
V_SIX6_01_M01345,54913
V_SIX6_01_M01345,81614
V_SIX6_01_M01345,5923
V_SIX6_01_M01345,256646
V_SIX6_01_M01345,1854
V_SIX6_01_M01345,10099
V_SIX6_01_M01345,59274
V_SIX6_01_M01345,6095
V_SIX6_01_M01345,6124
V_SIX6_01_M01345,4088
V_SIX6_01_M01345,4091
V_SIX6_01_M01345,221188
V_SIX6_01_M01345,55313
V_SIX6_01_M01345,6299
V_SIX6_01_M01345,29123
V_SIX6_01_M01345,999
V_SIX6_01_M01345,23536
V_SIX6_01_M01345,1012
V_SIX6_01_M01345,9289
V_SIX6_01_M01345,9516
V_SIX6_01_M01345,7567
V_SIX6_01_M01345,51451
V_SIX6_01_M01345,55027
V_SIX6_01_M01345,57149
V_SIX6_01_M01345,123879
V_SIX6_01_M01345,92017
V_SIX6_01_M01345,6137
V_SIX6_01_M01345,124935
V_SIX6_01_M01345,51
V_SIX6_01_M01345,100134934
V_SIX6_01_M01345,4239
V_SIX6_01_M01345,6348
V_SIX6_01_M01345,350
V_SIX6_01_M01345,201158
V_SIX6_01_M01345,4591
V_SIX6_01_M01345,8735
V_SIX6_01_M01345,8741
V_SIX6_01_M01345,6720
V_SIX6_01_M01345,50964
V_SIX6_01_M01345,4761
V_SIX6_01_M01345,162540
V_SIX6_01_M01345,9212
V_SIX6_01_M01345,201229
V_SIX6_01_M01345,728224
V_SIX6_01_M01345,27175
V_SIX6_01_M01345,1267
V_SIX6_01_M01345,100533496
V_SIX6_01_M01345,85293
V_SIX6_01_M01345,388394
V_SIX6_01_M01345,146802
V_SIX6_01_M01345,55181
V_SIX6_01_M01345,25984
V_SIX6_01_M01345,93649
V_SIX6_01_M01345,54752
V_SIX6_01_M01345,54757
V_SIX6_01_M01345,114826
V_SIX6_01_M01345,26168
V_SIX6_01_M01345,1636
V_SIX6_01_M01345,54894
V_SIX6_01_M01345,54902
V_SIX6_01_M01345,124599
V_SIX6_01_M01345,5892
V_SIX6_01_M01345,125150
V_SIX6_01_M01345,3883
V_SIX6_01_M01345,124790
V_SIX6_01_M01345,7703
V_SIX6_01_M01345,83896
V_SIX6_01_M01345,81871
V_SIX6_01_M01345,10197
V_SIX6_01_M01345,6117
V_SIX6_01_M01345,55273
V_SIX6_01_M01345,4077
V_SIX6_01_M01345,9306
V_SIX6_01_M01345,9331
V_SIX6_01_M01345,114876
V_SIX6_01_M01345,23327
V_SIX6_01_M01345,645369
V_SIX6_01_M01345,1824
V_SIX6_01_M01345,22878
V_SIX6_01_M01345,9063
V_SIX6_01_M01345,162681
V_SIX6_01_M01345,147323
V_SIX6_01_M01345,3998
V_SIX6_01_M01345,1005
V_SIX6_01_M01345,4087
V_SIX6_01_M01345,4092
V_SIX6_01_M01345,90324
V_SIX6_01_M01345,90332
V_SIX6_01_M01345,8425
V_SIX6_01_M01345,57716
V_SIX6_01_M01345,8677
V_SIX6_01_M01345,9294
V_SIX6_01_M01345,1158
V_SIX6_01_M01345,9592
V_SIX6_01_M01345,26528
V_SIX6_01_M01345,2067
V_SIX6_01_M01345,5794
V_SIX6_01_M01345,284323
V_SIX6_01_M01345,390916
V_SIX6_01_M01345,79709
V_SIX6_01_M01345,23309
V_SIX6_01_M01345,342945
V_SIX6_01_M01345,7171
V_SIX6_01_M01345,23624
V_SIX6_01_M01345,7594
V_SIX6_01_M01345,30000
V_SIX6_01_M01345,10406
V_SIX6_01_M01345,55614
V_SIX6_01_M01345,63916
V_SIX6_01_M01345,10732
V_SIX6_01_M01345,90196
V_SIX6_01_M01345,8771
V_SIX6_01_M01345,4773
V_SIX6_01_M01345,23394
V_SIX6_01_M01345,7056
V_SIX6_01_M01345,56261
V_SIX6_01_M01345,60437
V_SIX6_01_M01345,60598
V_SIX6_01_M01345,140680
V_SIX6_01_M01345,100288797
V_SIX6_01_M01345,57169
V_SIX6_01_M01345,53347
V_SIX6_01_M01345,386674
V_SIX6_01_M01345,8867
V_SIX6_01_M01345,54058
V_SIX6_01_M01345,254950
V_SIX6_01_M01345,10215
V_SIX6_01_M01345,1525
V_SIX6_01_M01345,5116
V_SIX6_01_M01345,158
V_SIX6_01_M01345,150280
V_SIX6_01_M01345,25793
V_SIX6_01_M01345,85379
V_SIX6_01_M01345,1454
V_SIX6_01_M01345,57026
V_SIX6_01_M01345,139285
V_SIX6_01_M01345,6247
V_SIX6_01_M01345,8473
V_SIX6_01_M01345,414
V_SIX6_01_M01345,415
V_SIX6_01_M01345,139716
V_SIX6_01_M01345,10800
V_SIX6_01_M01345,7114
V_SIX6_01_M01345,30011
V_SIX6_01_M01345,3598
V_SIX6_01_M01345,56850
V_SIX6_01_M01345,81887
V_SIX6_01_M01345,140886
V_SIX6_01_M01345,8852
