hsa-miR-491-3p,5144
hsa-miR-491-3p,150280
hsa-miR-491-3p,132864
hsa-miR-491-3p,10863
hsa-miR-491-3p,1021
hsa-miR-491-3p,64343
hsa-miR-491-3p,9520
hsa-miR-491-3p,134553
hsa-miR-491-3p,10890
hsa-miR-491-3p,84295
hsa-miR-491-3p,11176
hsa-miR-491-3p,60313
hsa-miR-491-3p,56776
hsa-miR-491-3p,64418
hsa-miR-491-3p,3939
hsa-miR-491-3p,2186
hsa-miR-491-3p,3696
hsa-miR-491-3p,23405
hsa-miR-491-3p,7341
hsa-miR-491-3p,115019
hsa-miR-491-3p,54878
hsa-miR-491-3p,94241
hsa-miR-491-3p,5203
hsa-miR-491-3p,139411
hsa-miR-491-3p,23369
hsa-miR-491-3p,8569
hsa-miR-491-3p,115548
hsa-miR-491-3p,11231
hsa-miR-491-3p,1756
hsa-miR-491-3p,8303
hsa-miR-491-3p,113251
hsa-miR-491-3p,4082
hsa-miR-491-3p,5906
hsa-miR-491-3p,3667
hsa-miR-491-3p,54928
hsa-miR-491-3p,23142
hsa-miR-491-3p,8674
hsa-miR-491-3p,905
hsa-miR-491-3p,3267
hsa-miR-491-3p,9139
hsa-miR-491-3p,2309
hsa-miR-491-3p,8707
hsa-miR-491-3p,11342
hsa-miR-491-3p,5887
hsa-miR-491-3p,570
hsa-miR-491-3p,55279
hsa-miR-491-3p,57055
hsa-miR-491-3p,7010
hsa-miR-491-3p,3622
hsa-miR-491-3p,55716
hsa-miR-491-3p,221391
hsa-miR-491-3p,1607
hsa-miR-491-3p,6249
hsa-miR-491-3p,84333
hsa-miR-491-3p,7078
hsa-miR-491-3p,2776
hsa-miR-491-3p,57120
hsa-miR-491-3p,26036
hsa-miR-491-3p,55573
hsa-miR-491-3p,4302
hsa-miR-491-3p,114800
hsa-miR-491-3p,9363
hsa-miR-491-3p,5099
hsa-miR-491-3p,57181
hsa-miR-491-3p,2770
hsa-miR-491-3p,23244
hsa-miR-491-3p,9975
hsa-miR-491-3p,7991
hsa-miR-491-3p,8411
hsa-miR-491-3p,9166
hsa-miR-491-3p,919
hsa-miR-491-3p,2710
hsa-miR-491-3p,221895
hsa-miR-491-3p,1385
hsa-miR-491-3p,89796
hsa-miR-491-3p,3842
hsa-miR-491-3p,347731
hsa-miR-491-3p,11069
hsa-miR-491-3p,3840
hsa-miR-491-3p,85407
hsa-miR-491-3p,23325
hsa-miR-491-3p,9202
hsa-miR-491-3p,7204
hsa-miR-491-3p,50604
hsa-miR-491-3p,5584
hsa-miR-491-3p,4139
hsa-miR-491-3p,9559
hsa-miR-491-3p,3747
hsa-miR-491-3p,80315
hsa-miR-491-3p,54951
hsa-miR-491-3p,23543
hsa-miR-491-3p,10135
hsa-miR-491-3p,22941
hsa-miR-491-3p,5534
hsa-miR-491-3p,64645
hsa-miR-491-3p,26504
hsa-miR-491-3p,23411
hsa-miR-491-3p,166336
hsa-miR-491-3p,987
hsa-miR-491-3p,3344
hsa-miR-491-3p,395
hsa-miR-491-3p,64375
hsa-miR-491-3p,10513
hsa-miR-491-3p,2060
hsa-miR-491-3p,6854
hsa-miR-491-3p,23236
hsa-miR-491-3p,80146
hsa-miR-491-3p,79801
hsa-miR-491-3p,375323
hsa-miR-491-3p,8899
hsa-miR-491-3p,1859
hsa-miR-491-3p,83259
hsa-miR-491-3p,9312
hsa-miR-491-3p,57575
hsa-miR-491-3p,64089
hsa-miR-491-3p,7879
hsa-miR-491-3p,4208
hsa-miR-491-3p,56154
hsa-miR-491-3p,64131
hsa-miR-491-3p,132204
hsa-miR-491-3p,2909
hsa-miR-491-3p,9890
hsa-miR-491-3p,57556
hsa-miR-491-3p,54890
hsa-miR-491-3p,164633
hsa-miR-491-3p,27328
hsa-miR-491-3p,56261
hsa-miR-491-3p,23185
hsa-miR-491-3p,23232
hsa-miR-491-3p,9806
hsa-miR-491-3p,130535
hsa-miR-491-3p,2893
hsa-miR-491-3p,2562
hsa-miR-491-3p,3399
hsa-miR-491-3p,57182
hsa-miR-491-3p,677
hsa-miR-491-3p,4853
hsa-miR-491-3p,10595
hsa-miR-491-3p,1303
hsa-miR-491-3p,6670
hsa-miR-491-3p,8065
hsa-miR-491-3p,8813
hsa-miR-491-3p,54602
hsa-miR-491-3p,145173
hsa-miR-491-3p,27101
hsa-miR-491-3p,5814
hsa-miR-491-3p,23063
hsa-miR-491-3p,51465
hsa-miR-491-3p,286826
hsa-miR-491-3p,54778
hsa-miR-491-3p,403
hsa-miR-491-3p,663
hsa-miR-491-3p,5797
hsa-miR-491-3p,27301
hsa-miR-491-3p,23176
hsa-miR-491-3p,51663
hsa-miR-491-3p,22803
hsa-miR-491-3p,214
hsa-miR-491-3p,3737
hsa-miR-491-3p,2561
hsa-miR-491-3p,3021
hsa-miR-491-3p,64432
hsa-miR-491-3p,23119
hsa-miR-491-3p,284058
hsa-miR-491-3p,120
hsa-miR-491-3p,53335
hsa-miR-491-3p,51566
hsa-miR-491-3p,9495
hsa-miR-491-3p,29956
hsa-miR-491-3p,1112
hsa-miR-491-3p,10048
hsa-miR-491-3p,57585
hsa-miR-491-3p,23673
hsa-miR-491-3p,7170
hsa-miR-491-3p,10468
hsa-miR-491-3p,5015
hsa-miR-491-3p,10054
hsa-miR-491-3p,64225
hsa-miR-491-3p,5908
hsa-miR-491-3p,2043
hsa-miR-491-3p,84572
hsa-miR-491-3p,92
hsa-miR-491-3p,11052
hsa-miR-491-3p,1982
hsa-miR-491-3p,57616
hsa-miR-491-3p,51143
hsa-miR-491-3p,3306
hsa-miR-491-3p,55347
hsa-miR-491-3p,8428
hsa-miR-491-3p,8091
hsa-miR-491-3p,4520
hsa-miR-491-3p,53344
hsa-miR-491-3p,6418
hsa-miR-491-3p,7320
hsa-miR-491-3p,1520
hsa-miR-491-3p,54793
hsa-miR-491-3p,1496
hsa-miR-491-3p,65059
hsa-miR-491-3p,7323
hsa-miR-491-3p,23435
hsa-miR-491-3p,338811
hsa-miR-491-3p,130026
hsa-miR-491-3p,8545
hsa-miR-491-3p,8976
hsa-miR-491-3p,55603
hsa-miR-491-3p,1807
hsa-miR-491-3p,4247
hsa-miR-491-3p,4734
hsa-miR-491-3p,9732
hsa-miR-491-3p,92140
hsa-miR-491-3p,1634
hsa-miR-491-3p,399947
hsa-miR-491-3p,23607
hsa-miR-491-3p,26512
hsa-miR-491-3p,8470
hsa-miR-491-3p,84641
hsa-miR-491-3p,6252
hsa-miR-491-3p,9892
hsa-miR-491-3p,821
hsa-miR-491-3p,79632
hsa-miR-491-3p,51128
hsa-miR-491-3p,51582
hsa-miR-491-3p,55296
hsa-miR-491-3p,401474
hsa-miR-491-3p,154743
hsa-miR-491-3p,284695
hsa-miR-491-3p,4857
hsa-miR-491-3p,54799
hsa-miR-491-3p,151246
hsa-miR-491-3p,339745
hsa-miR-491-3p,4659
hsa-miR-491-3p,10253
hsa-miR-491-3p,1286
hsa-miR-491-3p,8648
hsa-miR-491-3p,23683
hsa-miR-491-3p,54796
hsa-miR-491-3p,6645
hsa-miR-491-3p,23215
hsa-miR-491-3p,8874
hsa-miR-491-3p,56648
hsa-miR-491-3p,140578
hsa-miR-491-3p,79776
hsa-miR-491-3p,51105
hsa-miR-491-3p,283078
hsa-miR-491-3p,340554
hsa-miR-491-3p,4306
hsa-miR-491-3p,2254
hsa-miR-491-3p,10006
hsa-miR-491-3p,57084
hsa-miR-491-3p,10426
hsa-miR-491-3p,221477
hsa-miR-491-3p,6428
hsa-miR-491-3p,7728
hsa-miR-491-3p,9665
hsa-miR-491-3p,1780
hsa-miR-491-3p,55727
hsa-miR-491-3p,8507
hsa-miR-491-3p,5048
hsa-miR-491-3p,10015
hsa-miR-491-3p,10165
hsa-miR-491-3p,2258
hsa-miR-491-3p,64282
hsa-miR-491-3p,4154
hsa-miR-491-3p,5861
hsa-miR-491-3p,25957
hsa-miR-491-3p,10643
hsa-miR-491-3p,5937
hsa-miR-491-3p,11183
hsa-miR-491-3p,57520
hsa-miR-491-3p,7107
hsa-miR-491-3p,4534
hsa-miR-491-3p,24147
hsa-miR-491-3p,2444
hsa-miR-491-3p,5562
hsa-miR-491-3p,255919
hsa-miR-491-3p,5454
hsa-miR-491-3p,55137
hsa-miR-491-3p,6782
hsa-miR-491-3p,1993
hsa-miR-491-3p,2627
hsa-miR-491-3p,4733
hsa-miR-491-3p,23446
hsa-miR-491-3p,23097
hsa-miR-491-3p,23255
hsa-miR-491-3p,10802
hsa-miR-491-3p,9169
hsa-miR-491-3p,22862
hsa-miR-491-3p,253260
hsa-miR-491-3p,586
hsa-miR-491-3p,10479
hsa-miR-491-3p,57187
hsa-miR-491-3p,55167
hsa-miR-491-3p,3206
hsa-miR-491-3p,10294
hsa-miR-491-3p,23040
hsa-miR-491-3p,10946
hsa-miR-491-3p,3485
hsa-miR-491-3p,57826
hsa-miR-491-3p,3181
hsa-miR-491-3p,10186
hsa-miR-491-3p,51496
hsa-miR-491-3p,51026
hsa-miR-491-3p,118429
hsa-miR-491-3p,57472
hsa-miR-491-3p,6400
hsa-miR-491-3p,5792
hsa-miR-491-3p,155435
hsa-miR-491-3p,55288
hsa-miR-491-3p,5411
hsa-miR-548d-5p,5142
hsa-miR-548d-5p,92140
hsa-miR-548d-5p,1015
hsa-miR-548d-5p,9378
hsa-miR-548d-5p,64919
hsa-miR-548d-5p,889
hsa-miR-548d-5p,154743
hsa-miR-548d-5p,7707
hsa-miR-548d-5p,10640
hsa-miR-548d-5p,6451
hsa-miR-548d-5p,23031
hsa-miR-548d-5p,577
hsa-miR-548d-5p,55619
hsa-miR-548d-5p,29761
hsa-miR-548d-5p,5795
hsa-miR-548d-5p,9354
hsa-miR-548d-5p,219621
hsa-miR-548d-5p,9448
hsa-miR-548d-5p,57609
hsa-miR-548d-5p,64089
hsa-miR-548d-5p,51780
hsa-miR-548d-5p,5793
hsa-miR-548d-5p,79677
hsa-miR-548d-5p,9043
hsa-miR-548d-5p,56180
hsa-miR-548d-5p,23321
hsa-miR-548d-5p,26115
hsa-miR-548d-5p,27086
hsa-miR-548d-5p,7458
hsa-miR-548d-5p,4843
hsa-miR-548d-5p,4760
hsa-miR-548d-5p,84858
hsa-miR-548d-5p,55660
hsa-miR-548d-5p,64864
hsa-miR-548d-5p,6428
hsa-miR-548d-5p,3609
hsa-miR-548d-5p,29072
hsa-miR-548d-5p,10611
hsa-miR-548d-5p,9522
hsa-miR-548d-5p,51125
hsa-miR-548d-5p,113251
hsa-miR-548d-5p,5861
hsa-miR-548d-5p,79589
hsa-miR-548d-5p,10265
hsa-miR-548d-5p,26065
hsa-miR-548d-5p,2332
hsa-miR-548d-5p,7319
hsa-miR-548d-5p,5534
hsa-miR-548d-5p,6426
hsa-miR-548d-5p,5747
hsa-miR-548d-5p,23405
hsa-miR-548d-5p,80232
hsa-miR-548d-5p,1073
hsa-miR-548d-5p,8577
hsa-miR-548d-5p,23446
hsa-miR-548d-5p,4094
hsa-miR-548d-5p,10771
hsa-miR-548d-5p,6434
hsa-miR-548d-5p,6096
hsa-miR-548d-5p,6328
hsa-miR-548d-5p,54407
hsa-miR-548d-5p,4651
hsa-miR-548d-5p,599
hsa-miR-548d-5p,4908
hsa-miR-548d-5p,81614
hsa-miR-548d-5p,23204
hsa-miR-548d-5p,80258
hsa-miR-548d-5p,90333
hsa-miR-548d-5p,22885
hsa-miR-548d-5p,132
hsa-miR-548d-5p,122786
hsa-miR-548d-5p,130497
hsa-miR-548d-5p,26960
hsa-miR-548d-5p,348980
hsa-miR-548d-5p,54329
hsa-miR-548d-5p,687
hsa-miR-548d-5p,8323
hsa-miR-548d-5p,6671
hsa-miR-548d-5p,51496
hsa-miR-548d-5p,54541
hsa-miR-548d-5p,3037
hsa-miR-548d-5p,94030
hsa-miR-548d-5p,3836
hsa-miR-548d-5p,257194
hsa-miR-548d-5p,1123
hsa-miR-548d-5p,10797
hsa-miR-548d-5p,891
hsa-miR-548d-5p,57468
hsa-miR-548d-5p,5955
hsa-miR-548d-5p,11273
hsa-miR-548d-5p,23063
hsa-miR-548d-5p,1633
hsa-miR-548d-5p,5898
hsa-miR-548d-5p,55137
hsa-miR-548d-5p,64746
hsa-miR-548d-5p,57579
hsa-miR-548d-5p,257397
hsa-miR-548d-5p,9949
hsa-miR-548d-5p,10484
hsa-miR-548d-5p,57631
hsa-miR-548d-5p,9931
hsa-miR-548d-5p,114885
hsa-miR-548d-5p,9480
hsa-miR-548d-5p,10000
hsa-miR-548d-5p,347731
hsa-miR-548d-5p,26154
hsa-miR-548d-5p,84984
hsa-miR-548d-5p,401190
hsa-miR-548d-5p,50964
hsa-miR-548d-5p,7456
hsa-miR-548d-5p,400961
hsa-miR-548d-5p,7227
hsa-miR-548d-5p,79753
hsa-miR-548d-5p,1389
hsa-miR-548d-5p,23767
hsa-miR-548d-5p,429
hsa-miR-548d-5p,54861
hsa-miR-548d-5p,55603
hsa-miR-548d-5p,55286
hsa-miR-548d-5p,10802
hsa-miR-548d-5p,26064
hsa-miR-548d-5p,64853
hsa-miR-548d-5p,220988
hsa-miR-548d-5p,6259
hsa-miR-548d-5p,22911
hsa-miR-548d-5p,90843
hsa-miR-548d-5p,6660
hsa-miR-548d-5p,5101
hsa-miR-548d-5p,57835
hsa-miR-548d-5p,51176
hsa-miR-548d-5p,23515
hsa-miR-548d-5p,51762
hsa-miR-548d-5p,5802
hsa-miR-548d-5p,26278
hsa-miR-548d-5p,7545
hsa-miR-548d-5p,29978
hsa-miR-548d-5p,157378
hsa-miR-548d-5p,27330
hsa-miR-548d-5p,8455
hsa-miR-548d-5p,11059
hsa-miR-548d-5p,143384
hsa-miR-548d-5p,6760
hsa-miR-548d-5p,4204
hsa-miR-548d-5p,1317
hsa-miR-548d-5p,1783
hsa-miR-548d-5p,90806
hsa-miR-548d-5p,5562
hsa-miR-548d-5p,407738
hsa-miR-548d-5p,53371
hsa-miR-548d-5p,91612
hsa-miR-548d-5p,81
hsa-miR-548d-5p,9689
hsa-miR-548d-5p,55593
hsa-miR-548d-5p,57003
hsa-miR-548d-5p,54014
hsa-miR-548d-5p,27
hsa-miR-548d-5p,23522
hsa-miR-548d-5p,4154
hsa-miR-548d-5p,120863
hsa-miR-548d-5p,3181
hsa-miR-548d-5p,10428
hsa-miR-548d-5p,27443
hsa-miR-548d-5p,65084
hsa-miR-548d-5p,27316
hsa-miR-548d-5p,112574
hsa-miR-548d-5p,6311
hsa-miR-548d-5p,11144
hsa-miR-548d-5p,80853
hsa-miR-548d-5p,22807
hsa-miR-548d-5p,27319
hsa-miR-548d-5p,4306
hsa-miR-548d-5p,114793
hsa-miR-548d-5p,9776
hsa-miR-548d-5p,10427
hsa-miR-548d-5p,222389
hsa-miR-548d-5p,25966
hsa-miR-548d-5p,54503
hsa-miR-548d-5p,26512
hsa-miR-548d-5p,23272
hsa-miR-548d-5p,8491
hsa-miR-548d-5p,3685
hsa-miR-548d-5p,10092
hsa-miR-548d-5p,11113
hsa-miR-548d-5p,51696
hsa-miR-548d-5p,7436
hsa-miR-548d-5p,2824
hsa-miR-548d-5p,9794
hsa-miR-548d-5p,56929
hsa-miR-548d-5p,5504
hsa-miR-548d-5p,28999
hsa-miR-548d-5p,10643
hsa-miR-548d-5p,7020
hsa-miR-548d-5p,9355
hsa-miR-548d-5p,2820
hsa-miR-548d-5p,6664
hsa-miR-548d-5p,9728
hsa-miR-548d-5p,51429
hsa-miR-548d-5p,5896
hsa-miR-548d-5p,5980
hsa-miR-548d-5p,387640
hsa-miR-548d-5p,6726
hsa-miR-548d-5p,8999
hsa-miR-548d-5p,23350
hsa-miR-548d-5p,5468
hsa-miR-548d-5p,54821
hsa-miR-548d-5p,55608
hsa-miR-548d-5p,9878
hsa-miR-548d-5p,253260
hsa-miR-548d-5p,23433
hsa-miR-548d-5p,23036
hsa-miR-548d-5p,79960
hsa-miR-548d-5p,104
hsa-miR-548d-5p,3574
hsa-miR-548d-5p,9112
hsa-miR-548d-5p,94241
hsa-miR-548d-5p,26003
hsa-miR-548d-5p,27107
hsa-miR-548d-5p,4090
hsa-miR-548d-5p,403341
hsa-miR-548d-5p,9765
hsa-miR-548d-5p,23049
hsa-miR-548d-5p,64131
hsa-miR-548d-5p,64769
hsa-miR-548d-5p,5879
hsa-miR-548d-5p,4081
hsa-miR-548d-5p,11215
hsa-miR-548d-5p,83595
hsa-miR-548d-5p,80155
hsa-miR-548d-5p,56999
hsa-miR-548d-5p,205428
hsa-miR-548d-5p,2123
hsa-miR-548d-5p,84146
hsa-miR-548d-5p,55015
hsa-miR-548d-5p,29035
hsa-miR-548d-5p,54800
hsa-miR-548d-5p,9758
hsa-miR-548d-5p,64924
hsa-miR-548d-5p,5567
hsa-miR-548d-5p,54463
hsa-miR-548d-5p,23327
hsa-miR-548d-5p,2004
hsa-miR-548d-5p,7168
hsa-miR-548d-5p,84458
hsa-miR-548d-5p,9575
hsa-miR-548d-5p,143279
hsa-miR-548d-5p,7322
hsa-miR-548d-5p,57570
hsa-miR-548d-5p,10625
hsa-miR-548d-5p,84061
hsa-miR-548d-5p,148867
hsa-miR-548d-5p,3842
hsa-miR-548d-5p,284695
hsa-miR-548d-5p,55885
hsa-miR-548d-5p,81846
hsa-miR-548d-5p,57459
hsa-miR-548d-5p,9782
hsa-miR-548d-5p,399947
hsa-miR-548d-5p,7879
hsa-miR-548d-5p,221895
hsa-miR-548d-5p,26038
hsa-miR-548d-5p,149041
hsa-miR-548d-5p,3169
hsa-miR-548d-5p,11201
hsa-miR-548d-5p,1182
hsa-miR-548d-5p,9991
hsa-miR-548d-5p,3638
hsa-miR-548d-5p,22936
hsa-miR-548d-5p,58508
hsa-miR-548d-5p,1901
hsa-miR-548d-5p,5789
hsa-miR-548d-5p,5791
hsa-miR-548d-5p,80335
hsa-miR-548d-5p,744
hsa-miR-548d-5p,182
hsa-miR-548d-5p,9987
hsa-miR-548d-5p,8428
hsa-miR-548d-5p,1958
hsa-miR-548d-5p,27067
hsa-miR-548d-5p,54921
hsa-miR-548d-5p,54545
hsa-miR-548d-5p,65251
hsa-miR-548d-5p,6925
hsa-miR-548d-5p,152006
hsa-miR-548d-5p,55870
hsa-miR-548d-5p,145173
hsa-miR-548d-5p,4857
hsa-miR-548d-5p,79642
hsa-miR-548d-5p,51026
hsa-miR-548d-5p,7837
hsa-miR-548d-5p,65986
hsa-miR-548d-5p,116328
hsa-miR-548d-5p,2538
hsa-miR-548d-5p,116729
hsa-miR-548d-5p,7417
hsa-miR-548d-5p,2553
hsa-miR-548d-5p,23023
hsa-miR-548d-5p,115294
hsa-miR-548d-5p,11034
hsa-miR-548d-5p,5062
hsa-miR-548d-5p,1857
hsa-miR-548d-5p,92
hsa-miR-548d-5p,55787
hsa-miR-548d-5p,84641
hsa-miR-548d-5p,3151
hsa-miR-548d-5p,6323
hsa-miR-548d-5p,340547
hsa-miR-548d-5p,23503
hsa-miR-548d-5p,23236
hsa-miR-548d-5p,5515
hsa-miR-548d-5p,7003
hsa-miR-548d-5p,79158
hsa-miR-548d-5p,388272
hsa-miR-548d-5p,147339
hsa-miR-548d-5p,9419
hsa-miR-548d-5p,6744
hsa-miR-548d-5p,7337
hsa-miR-548d-5p,79269
hsa-miR-548d-5p,5771
hsa-miR-548d-5p,3642
hsa-miR-548d-5p,2775
hsa-miR-548d-5p,57161
hsa-miR-548d-5p,4591
hsa-miR-548d-5p,80143
hsa-miR-548d-5p,7110
hsa-miR-548d-5p,55071
hsa-miR-548d-5p,116442
hsa-miR-548d-5p,497189
hsa-miR-548d-5p,7871
hsa-miR-548d-5p,91404
hsa-miR-548d-5p,64841
hsa-miR-548d-5p,7162
hsa-miR-548d-5p,23322
hsa-miR-548d-5p,219771
hsa-miR-548d-5p,3925
hsa-miR-548d-5p,84456
hsa-miR-548d-5p,4801
hsa-miR-548d-5p,648
hsa-miR-548d-5p,10586
hsa-miR-548d-5p,2012
hsa-miR-548d-5p,4808
hsa-miR-548d-5p,10231
hsa-miR-548d-5p,113263
hsa-miR-548d-5p,1837
hsa-miR-548d-5p,1871
hsa-miR-548d-5p,57171
hsa-miR-548d-5p,84465
hsa-miR-548d-5p,6938
hsa-miR-548d-5p,1994
hsa-miR-548d-5p,11080
hsa-miR-548d-5p,57615
hsa-miR-548d-5p,26053
hsa-miR-548d-5p,79959
hsa-miR-548d-5p,376940
hsa-miR-548d-5p,22999
hsa-miR-548d-5p,10150
hsa-miR-548d-5p,80351
hsa-miR-548d-5p,54897
hsa-miR-548d-5p,5144
hsa-miR-548d-5p,1948
hsa-miR-548d-5p,23250
hsa-miR-548d-5p,1503
hsa-miR-548d-5p,135295
hsa-miR-548d-5p,7763
hsa-miR-548d-5p,1454
hsa-miR-548d-5p,246175
hsa-miR-548d-5p,5927
hsa-miR-548d-5p,7511
hsa-miR-548d-5p,9107
hsa-miR-548d-5p,3200
hsa-miR-548d-5p,1183
hsa-miR-548d-5p,284252
hsa-miR-548d-5p,93
hsa-miR-548d-5p,57512
hsa-miR-548d-5p,79670
hsa-miR-548d-5p,81847
hsa-miR-548d-5p,89795
hsa-miR-548d-5p,3479
hsa-miR-548d-5p,4036
hsa-miR-548d-5p,3280
hsa-miR-548d-5p,8715
hsa-miR-548d-5p,50859
hsa-miR-548d-5p,23122
hsa-miR-548d-5p,57157
hsa-miR-548d-5p,5994
hsa-miR-548d-5p,7342
hsa-miR-548d-5p,79573
hsa-miR-548d-5p,221833
hsa-miR-548d-5p,7994
hsa-miR-548d-5p,10401
hsa-miR-548d-5p,2042
hsa-miR-548d-5p,9406
hsa-miR-548d-5p,3667
hsa-miR-548d-5p,64645
hsa-miR-548d-5p,1810
hsa-miR-548d-5p,57532
hsa-miR-548d-5p,9141
hsa-miR-548d-5p,53942
hsa-miR-548d-5p,254251
hsa-miR-548d-5p,130916
hsa-miR-548d-5p,22990
hsa-miR-548d-5p,51307
hsa-miR-548d-5p,10959
hsa-miR-548d-5p,26523
hsa-miR-548d-5p,114088
hsa-miR-548d-5p,55334
hsa-miR-548d-5p,57703
hsa-miR-548d-5p,858
hsa-miR-548d-5p,2257
hsa-miR-548d-5p,259282
hsa-miR-548d-5p,824
hsa-miR-548d-5p,79027
hsa-miR-548d-5p,5770
hsa-miR-548d-5p,91408
hsa-miR-548d-5p,4254
hsa-miR-548d-5p,9555
hsa-miR-548d-5p,2547
hsa-miR-548d-5p,51454
hsa-miR-548d-5p,3213
hsa-miR-548d-5p,55596
hsa-miR-548d-5p,57684
hsa-miR-548d-5p,2554
hsa-miR-548d-5p,23261
hsa-miR-548d-5p,3344
hsa-miR-548d-5p,10725
hsa-miR-548d-5p,84181
hsa-miR-548d-5p,49854
hsa-miR-548d-5p,9118
hsa-miR-548d-5p,55802
hsa-miR-548d-5p,9706
hsa-miR-548d-5p,6375
hsa-miR-548d-5p,84193
hsa-miR-548d-5p,5801
hsa-miR-548d-5p,8671
hsa-miR-548d-5p,51012
hsa-miR-548d-5p,80725
hsa-miR-548d-5p,388561
hsa-miR-548d-5p,3720
hsa-miR-548d-5p,11335
hsa-miR-548d-5p,54472
hsa-miR-548d-5p,80315
hsa-miR-548d-5p,571
hsa-miR-548d-5p,94104
hsa-miR-548d-5p,51097
hsa-miR-548d-5p,865
hsa-miR-548d-5p,153396
hsa-miR-548d-5p,11320
hsa-miR-548d-5p,11069
hsa-miR-548d-5p,84295
hsa-miR-548d-5p,140890
hsa-miR-548d-5p,26092
hsa-miR-548d-5p,55284
hsa-miR-548d-5p,1859
hsa-miR-548d-5p,9648
hsa-miR-548d-5p,29994
hsa-miR-548d-5p,154807
hsa-miR-548d-5p,3239
hsa-miR-548d-5p,10203
hsa-miR-548d-5p,9821
hsa-miR-548d-5p,23219
hsa-miR-548d-5p,23347
hsa-miR-548d-5p,26059
hsa-miR-548d-5p,57580
hsa-miR-548d-5p,134553
hsa-miR-548d-5p,5597
hsa-miR-548d-5p,223082
hsa-miR-548d-5p,5536
hsa-miR-548d-5p,92906
hsa-miR-548d-5p,23527
hsa-miR-548d-5p,340481
hsa-miR-548d-5p,9679
hsa-miR-548d-5p,4673
hsa-miR-548d-5p,7976
hsa-miR-548d-5p,3747
hsa-miR-548d-5p,6464
hsa-miR-548d-5p,23676
hsa-miR-548d-5p,162387
hsa-miR-548d-5p,153241
hsa-miR-548d-5p,4086
hsa-miR-548d-5p,255743
hsa-miR-548d-5p,6695
hsa-miR-548d-5p,55252
hsa-miR-548d-5p,6846
hsa-miR-548d-5p,79768
hsa-miR-548d-5p,2887
hsa-miR-548d-5p,59338
hsa-miR-548d-5p,10923
hsa-miR-548d-5p,9559
hsa-miR-548d-5p,3218
hsa-miR-548d-5p,9709
hsa-miR-548d-5p,1951
hsa-miR-548d-5p,3097
hsa-miR-548d-5p,23592
hsa-miR-548d-5p,10482
hsa-miR-548d-5p,4097
hsa-miR-548d-5p,23531
hsa-miR-548d-5p,481
hsa-miR-548d-5p,10175
hsa-miR-548d-5p,51347
hsa-miR-548d-5p,6249
hsa-miR-548d-5p,2266
hsa-miR-548d-5p,51527
hsa-miR-548d-5p,79666
hsa-miR-548d-5p,166012
hsa-miR-548d-5p,10818
hsa-miR-548d-5p,53353
hsa-miR-548d-5p,57727
hsa-miR-548d-5p,23175
hsa-miR-548d-5p,51014
hsa-miR-548d-5p,8504
hsa-miR-548d-5p,22941
hsa-miR-548d-5p,153222
hsa-miR-548d-5p,3796
hsa-miR-548d-5p,5868
hsa-miR-548d-5p,51701
hsa-miR-548d-5p,51230
hsa-miR-548d-5p,54799
hsa-miR-548d-5p,387990
hsa-miR-548d-5p,23089
hsa-miR-548d-5p,55669
hsa-miR-548d-5p,6514
hsa-miR-548d-5p,90161
hsa-miR-548d-5p,23179
hsa-miR-548d-5p,57683
hsa-miR-548d-5p,6651
hsa-miR-548d-5p,2628
hsa-miR-548d-5p,905
hsa-miR-548d-5p,115209
hsa-miR-548d-5p,55727
hsa-miR-548d-5p,26097
hsa-miR-548d-5p,53616
hsa-miR-548d-5p,54665
hsa-miR-548d-5p,1268
hsa-miR-548d-5p,387921
hsa-miR-548d-5p,55632
hsa-miR-548d-5p,9649
hsa-miR-548d-5p,50650
hsa-miR-548d-5p,1184
hsa-miR-548d-5p,5270
hsa-miR-548d-5p,1654
hsa-miR-548d-5p,23168
hsa-miR-548d-5p,685
hsa-miR-548d-5p,51422
hsa-miR-548d-5p,84552
hsa-miR-548d-5p,5437
hsa-miR-548d-5p,9738
hsa-miR-548d-5p,857
hsa-miR-548d-5p,2710
hsa-miR-548d-5p,9456
hsa-miR-548d-5p,2107
hsa-miR-548d-5p,150275
hsa-miR-548d-5p,1741
hsa-miR-548d-5p,121457
hsa-miR-548d-5p,4076
hsa-miR-548d-5p,9892
hsa-miR-548d-5p,7832
hsa-miR-548d-5p,253738
hsa-miR-548d-5p,9666
hsa-miR-548d-5p,51804
hsa-miR-548d-5p,22908
hsa-miR-548d-5p,4946
hsa-miR-548d-5p,360
hsa-miR-548d-5p,25909
hsa-miR-548d-5p,10342
hsa-miR-548d-5p,26018
hsa-miR-548d-5p,372
hsa-miR-548d-5p,4091
hsa-miR-548d-5p,607
hsa-miR-548d-5p,51633
hsa-miR-548d-5p,5532
hsa-miR-548d-5p,6263
hsa-miR-548d-5p,8766
hsa-miR-548d-5p,5932
hsa-miR-548d-5p,29942
hsa-miR-548d-5p,55196
hsa-miR-548d-5p,5728
hsa-miR-548d-5p,51306
hsa-miR-548d-5p,26137
hsa-miR-548d-5p,64759
hsa-miR-548d-5p,91748
hsa-miR-548d-5p,890
hsa-miR-548d-5p,2773
hsa-miR-548d-5p,57419
hsa-miR-548d-5p,5535
hsa-miR-548d-5p,6252
hsa-miR-548d-5p,23271
hsa-miR-548d-5p,3082
hsa-miR-548d-5p,8650
hsa-miR-548d-5p,9687
hsa-miR-548d-5p,975
hsa-miR-548d-5p,5814
hsa-miR-548d-5p,6711
hsa-miR-548d-5p,4082
hsa-miR-548d-5p,7068
hsa-miR-548d-5p,57708
hsa-miR-548d-5p,23471
hsa-miR-548d-5p,8899
hsa-miR-548d-5p,57092
hsa-miR-548d-5p,57561
hsa-miR-548d-5p,3843
hsa-miR-548d-5p,8853
hsa-miR-548d-5p,2915
hsa-miR-548d-5p,114882
hsa-miR-548d-5p,159
hsa-miR-548d-5p,51194
hsa-miR-548d-5p,9886
hsa-miR-548d-5p,139231
hsa-miR-548d-5p,860
hsa-miR-548d-5p,51317
hsa-miR-548d-5p,286499
hsa-miR-548d-5p,57507
hsa-miR-548d-5p,1825
hsa-miR-548d-5p,3840
hsa-miR-548d-5p,22884
hsa-miR-548d-5p,442117
hsa-miR-548d-5p,344838
hsa-miR-548d-5p,51249
hsa-miR-548d-5p,54813
hsa-miR-548d-5p,901
hsa-miR-548d-5p,10982
hsa-miR-548d-5p,221662
hsa-miR-548d-5p,285527
hsa-miR-548d-5p,83935
hsa-miR-548d-5p,140862
hsa-miR-548d-5p,1955
hsa-miR-548d-5p,122060
hsa-miR-548d-5p,57798
hsa-miR-548d-5p,51004
hsa-miR-548d-5p,23173
hsa-miR-548d-5p,23172
hsa-miR-548d-5p,9659
hsa-miR-548d-5p,10396
hsa-miR-548d-5p,6815
hsa-miR-548d-5p,2250
hsa-miR-548d-5p,5469
hsa-miR-548d-5p,23081
hsa-miR-548d-5p,51105
hsa-miR-548d-5p,84726
hsa-miR-548d-5p,57718
hsa-miR-548d-5p,55636
hsa-miR-548d-5p,170685
hsa-miR-548d-5p,10146
hsa-miR-548d-5p,192666
hsa-miR-548d-5p,6670
hsa-miR-548d-5p,6874
hsa-miR-548d-5p,55799
hsa-miR-548d-5p,79598
hsa-miR-548d-5p,127254
hsa-miR-548d-5p,3321
hsa-miR-548d-5p,8239
hsa-miR-548d-5p,152503
hsa-miR-548d-5p,54891
hsa-miR-548d-5p,5727
hsa-miR-548d-5p,55026
hsa-miR-548d-5p,11057
hsa-miR-548d-5p,9586
hsa-miR-548d-5p,6857
hsa-miR-548d-5p,196528
hsa-miR-548d-5p,4613
hsa-miR-548d-5p,5033
hsa-miR-548d-5p,2202
hsa-miR-548d-5p,95681
hsa-miR-548d-5p,64682
hsa-miR-548d-5p,93587
hsa-miR-548d-5p,64881
hsa-miR-548d-5p,9497
hsa-miR-548d-5p,54749
hsa-miR-548d-5p,54793
hsa-miR-548d-5p,55288
hsa-miR-548d-5p,4163
hsa-miR-548d-5p,221035
hsa-miR-548d-5p,4009
hsa-miR-548d-5p,84529
hsa-miR-548d-5p,128611
hsa-miR-548d-5p,1019
hsa-miR-548d-5p,205717
hsa-miR-548d-5p,10541
hsa-miR-548d-5p,51473
hsa-miR-548d-5p,147111
hsa-miR-548d-5p,1839
hsa-miR-548d-5p,10052
hsa-miR-548d-5p,7220
hsa-miR-548d-5p,54734
hsa-miR-548d-5p,26135
hsa-miR-548d-5p,56888
hsa-miR-548d-5p,1997
hsa-miR-548d-5p,166968
hsa-miR-548d-5p,54819
hsa-miR-548d-5p,140739
hsa-miR-548d-5p,5725
hsa-miR-548d-5p,9589
hsa-miR-548d-5p,26224
hsa-miR-548d-5p,51663
hsa-miR-548d-5p,360023
hsa-miR-548d-5p,80205
hsa-miR-548d-5p,6444
hsa-miR-548d-5p,89797
hsa-miR-548d-5p,6262
hsa-miR-548d-5p,10735
hsa-miR-548d-5p,64895
hsa-miR-548d-5p,23112
hsa-miR-548d-5p,2334
hsa-miR-548d-5p,23232
hsa-miR-548d-5p,10085
hsa-miR-548d-5p,9142
hsa-miR-548d-5p,64795
hsa-miR-548d-5p,81563
hsa-miR-548d-5p,2186
hsa-miR-548d-5p,9326
hsa-miR-548d-5p,10949
hsa-miR-548d-5p,51566
hsa-miR-548d-5p,56256
hsa-miR-548d-5p,57187
hsa-miR-548d-5p,4670
hsa-miR-548d-5p,283417
hsa-miR-548d-5p,57188
hsa-miR-548d-5p,11141
hsa-miR-548d-5p,337876
hsa-miR-548d-5p,51366
hsa-miR-548d-5p,8556
hsa-miR-548d-5p,9988
hsa-miR-548d-5p,11231
hsa-miR-548d-5p,79692
hsa-miR-548d-5p,960
hsa-miR-548d-5p,9231
hsa-miR-548d-5p,2893
hsa-miR-548d-5p,25831
hsa-miR-548d-5p,9880
hsa-miR-548d-5p,6738
hsa-miR-548d-5p,9885
hsa-miR-548d-5p,55534
hsa-miR-548d-5p,114294
hsa-miR-548d-5p,151188
hsa-miR-548d-5p,1795
hsa-miR-548d-5p,23333
hsa-miR-548d-5p,3703
hsa-miR-548d-5p,57575
hsa-miR-548d-5p,10276
hsa-miR-548d-5p,9804
hsa-miR-548d-5p,54467
hsa-miR-548d-5p,54345
hsa-miR-548d-5p,1112
hsa-miR-548d-5p,148206
hsa-miR-548d-5p,22887
hsa-miR-548d-5p,5596
hsa-miR-548d-5p,10336
hsa-miR-548d-5p,57795
hsa-miR-548d-5p,10016
hsa-miR-548d-5p,23428
hsa-miR-548d-5p,339230
hsa-miR-548d-5p,6683
hsa-miR-548d-5p,5223
hsa-miR-548d-5p,255967
hsa-miR-548d-5p,9658
hsa-miR-548d-5p,79568
hsa-miR-548d-5p,23705
hsa-miR-548d-5p,143684
hsa-miR-548d-5p,4594
hsa-miR-548d-5p,8725
hsa-miR-548d-5p,8554
hsa-miR-548d-5p,55728
hsa-miR-548d-5p,8570
hsa-miR-548d-5p,2562
hsa-miR-548d-5p,345557
hsa-miR-548d-5p,283078
hsa-miR-548d-5p,4790
hsa-miR-548d-5p,6383
hsa-miR-548d-5p,387758
hsa-miR-548d-5p,80731
hsa-miR-548d-5p,331
hsa-miR-548d-5p,7373
hsa-miR-548d-5p,54540
hsa-miR-548d-5p,26228
hsa-miR-548d-5p,7402
hsa-miR-548d-5p,26511
hsa-miR-548d-5p,255928
hsa-miR-548d-5p,7543
hsa-miR-548d-5p,11189
hsa-miR-548d-5p,27328
hsa-miR-548d-5p,83259
hsa-miR-548d-5p,359948
hsa-miR-548d-5p,22876
hsa-miR-548d-5p,4916
hsa-miR-548d-5p,800
hsa-miR-548d-5p,152404
hsa-miR-548d-5p,57482
hsa-miR-548d-5p,170691
hsa-miR-548d-5p,8500
hsa-miR-548d-5p,56980
hsa-miR-548d-5p,136991
hsa-miR-548d-5p,4741
hsa-miR-548d-5p,54532
hsa-miR-548d-5p,8540
hsa-miR-548d-5p,81671
hsa-miR-548d-5p,10193
hsa-miR-548d-5p,54629
hsa-miR-548d-5p,4212
hsa-miR-548d-5p,126017
hsa-miR-548d-5p,6546
hsa-miR-548d-5p,2064
hsa-miR-548d-5p,344657
hsa-miR-548d-5p,10138
hsa-miR-548d-5p,8816
hsa-miR-548d-5p,6733
hsa-miR-548d-5p,1301
hsa-miR-548d-5p,23199
hsa-miR-548d-5p,55188
hsa-miR-548d-5p,6507
hsa-miR-548d-5p,9474
hsa-miR-548d-5p,22992
hsa-miR-548d-5p,83401
hsa-miR-548d-5p,54880
hsa-miR-548d-5p,83999
hsa-miR-548d-5p,23493
hsa-miR-548d-5p,55279
hsa-miR-548d-5p,7903
hsa-miR-548d-5p,23047
hsa-miR-548d-5p,55300
hsa-miR-548d-5p,4534
hsa-miR-548d-5p,51124
hsa-miR-548d-5p,9228
hsa-miR-548d-5p,414061
hsa-miR-548d-5p,729830
hsa-miR-548d-5p,23171
hsa-miR-548d-5p,2290
hsa-miR-548d-5p,4853
hsa-miR-548d-5p,546
hsa-miR-548d-5p,56889
hsa-miR-548d-5p,639
hsa-miR-548d-5p,56261
hsa-miR-548d-5p,6526
hsa-miR-548d-5p,24149
hsa-miR-548d-5p,9890
hsa-miR-548d-5p,55553
hsa-miR-548d-5p,23174
hsa-miR-548d-5p,2138
hsa-miR-548d-5p,23092
hsa-miR-548d-5p,9935
hsa-miR-548d-5p,10950
hsa-miR-548d-5p,8324
hsa-miR-548d-5p,83539
hsa-miR-548d-5p,221477
hsa-miR-548d-5p,6717
hsa-miR-548d-5p,3174
hsa-miR-548d-5p,23462
hsa-miR-548d-5p,8850
hsa-miR-548d-5p,56907
hsa-miR-548d-5p,8451
hsa-miR-548d-5p,9734
hsa-miR-548d-5p,4214
hsa-miR-548d-5p,10368
hsa-miR-548d-5p,80209
hsa-miR-548d-5p,581
hsa-miR-548d-5p,8648
hsa-miR-548d-5p,51141
hsa-miR-548d-5p,56995
hsa-miR-548d-5p,56884
hsa-miR-548d-5p,10970
hsa-miR-548d-5p,5308
hsa-miR-548d-5p,3632
hsa-miR-548d-5p,26984
hsa-miR-548d-5p,11051
hsa-miR-548d-5p,64750
hsa-miR-548d-5p,3760
hsa-miR-548d-5p,116150
hsa-miR-548d-5p,5734
hsa-miR-548d-5p,11010
hsa-miR-548d-5p,163404
hsa-miR-548d-5p,1501
hsa-miR-548d-5p,55002
hsa-miR-548d-5p,2551
hsa-miR-548d-5p,8411
hsa-miR-548d-5p,51719
hsa-miR-548d-5p,1021
hsa-miR-548d-5p,23392
hsa-miR-548d-5p,6416
hsa-miR-548d-5p,2033
hsa-miR-548d-5p,6045
hsa-miR-548d-5p,83737
hsa-miR-548d-5p,65217
hsa-miR-548d-5p,4289
hsa-miR-548d-5p,1164
hsa-miR-548d-5p,57404
hsa-miR-548d-5p,64116
hsa-miR-548d-5p,55704
hsa-miR-548d-5p,5326
hsa-miR-548d-5p,5529
hsa-miR-548d-5p,259232
hsa-miR-548d-5p,57643
hsa-miR-548d-5p,79834
hsa-miR-548d-5p,9056
hsa-miR-548d-5p,5099
hsa-miR-548d-5p,114876
hsa-miR-548d-5p,81929
hsa-miR-548d-5p,80854
hsa-miR-548d-5p,23545
hsa-miR-548d-5p,5618
hsa-miR-548d-5p,54878
hsa-miR-548d-5p,5147
hsa-miR-548d-5p,5584
hsa-miR-548d-5p,2660
hsa-miR-548d-5p,55127
hsa-miR-548d-5p,51232
hsa-miR-548d-5p,64854
hsa-miR-548d-5p,2037
hsa-miR-548d-5p,23382
hsa-miR-548d-5p,29068
hsa-miR-548d-5p,22903
hsa-miR-548d-5p,22894
hsa-miR-548d-5p,10124
hsa-miR-548d-5p,9792
hsa-miR-548d-5p,463
hsa-miR-548d-5p,51649
hsa-miR-548d-5p,9578
hsa-miR-548d-5p,65981
hsa-miR-548d-5p,23506
hsa-miR-548d-5p,26098
hsa-miR-548d-5p,23607
hsa-miR-548d-5p,85480
hsa-miR-548d-5p,375743
hsa-miR-548d-5p,85460
hsa-miR-429,23015
hsa-miR-429,440270
hsa-miR-429,7436
hsa-miR-429,63976
hsa-miR-429,4857
hsa-miR-429,10395
hsa-miR-429,208
hsa-miR-429,1393
hsa-miR-429,9586
hsa-miR-429,26010
hsa-miR-429,8434
hsa-miR-429,152330
hsa-miR-429,390535
hsa-miR-429,25978
hsa-miR-429,8653
hsa-miR-429,382
hsa-miR-429,7532
hsa-miR-429,9406
hsa-miR-429,9732
hsa-miR-429,23414
hsa-miR-429,51347
hsa-miR-429,1998
hsa-miR-429,9706
hsa-miR-429,944
hsa-miR-429,79602
hsa-miR-429,10910
hsa-miR-429,85508
hsa-miR-429,6908
hsa-miR-429,9644
hsa-miR-429,9665
hsa-miR-429,54443
hsa-miR-429,9241
hsa-miR-429,146713
hsa-miR-429,91875
hsa-miR-429,8776
hsa-miR-429,10491
hsa-miR-429,167227
hsa-miR-429,64786
hsa-miR-429,1902
hsa-miR-429,5376
hsa-miR-429,10655
hsa-miR-429,1843
hsa-miR-429,23199
hsa-miR-429,51317
hsa-miR-429,2553
hsa-miR-429,29959
hsa-miR-429,84447
hsa-miR-429,1789
hsa-miR-429,54471
hsa-miR-429,55824
hsa-miR-429,1039
hsa-miR-429,8535
hsa-miR-429,10484
hsa-miR-429,23114
hsa-miR-429,23150
hsa-miR-429,55038
hsa-miR-429,54715
hsa-miR-429,24138
hsa-miR-429,1435
hsa-miR-429,79805
hsa-miR-429,22919
hsa-miR-429,10643
hsa-miR-429,8202
hsa-miR-429,1964
hsa-miR-429,6506
hsa-miR-429,4035
hsa-miR-429,7335
hsa-miR-429,387522
hsa-miR-429,6645
hsa-miR-429,7776
hsa-miR-429,2335
hsa-miR-429,55719
hsa-miR-429,56172
hsa-miR-429,57687
hsa-miR-429,6804
hsa-miR-429,50717
hsa-miR-429,6323
hsa-miR-429,1298
hsa-miR-429,10254
hsa-miR-429,80853
hsa-miR-429,10184
hsa-miR-429,8850
hsa-miR-429,6405
hsa-miR-429,9314
hsa-miR-429,9853
hsa-miR-429,2313
hsa-miR-429,57478
hsa-miR-429,204851
hsa-miR-429,79684
hsa-miR-429,846
hsa-miR-429,84312
hsa-miR-429,3930
hsa-miR-429,55291
hsa-miR-429,1763
hsa-miR-429,1960
hsa-miR-429,5879
hsa-miR-429,1271
hsa-miR-429,143503
hsa-miR-429,54886
hsa-miR-429,55777
hsa-miR-429,5908
hsa-miR-429,29994
hsa-miR-429,23232
hsa-miR-429,334
hsa-miR-429,6857
hsa-miR-429,5515
hsa-miR-429,4692
hsa-miR-429,7020
hsa-miR-429,9169
hsa-miR-429,1837
hsa-miR-429,9444
hsa-miR-429,23200
hsa-miR-429,9637
hsa-miR-429,1654
hsa-miR-429,4116
hsa-miR-429,5649
hsa-miR-429,114885
hsa-miR-429,6477
hsa-miR-429,3776
hsa-miR-429,79047
hsa-miR-429,5203
hsa-miR-429,5725
hsa-miR-429,5504
hsa-miR-429,84851
hsa-miR-429,23023
hsa-miR-429,5728
hsa-miR-429,5522
hsa-miR-429,5727
hsa-miR-429,5529
hsa-miR-429,23531
hsa-miR-429,57610
hsa-miR-429,65055
hsa-miR-429,861
hsa-miR-429,9782
hsa-miR-429,10430
hsa-miR-429,6319
hsa-miR-429,8396
hsa-miR-429,254048
hsa-miR-429,9857
hsa-miR-429,8087
hsa-miR-429,23213
hsa-miR-429,25959
hsa-miR-429,9890
hsa-miR-429,57722
hsa-miR-429,7073
hsa-miR-429,4299
hsa-miR-429,6483
hsa-miR-429,55074
hsa-miR-429,7077
hsa-miR-429,27250
hsa-miR-429,54014
hsa-miR-429,29883
hsa-miR-429,9712
hsa-miR-429,57144
hsa-miR-429,341880
hsa-miR-429,114299
hsa-miR-429,92
hsa-miR-429,6198
hsa-miR-429,4915
hsa-miR-429,25822
hsa-miR-429,23011
hsa-miR-429,23671
hsa-miR-429,114798
hsa-miR-429,115294
hsa-miR-429,9807
hsa-miR-429,6529
hsa-miR-429,22878
hsa-miR-429,7803
hsa-miR-429,401720
hsa-miR-429,2060
hsa-miR-429,390
hsa-miR-429,26046
hsa-miR-429,79618
hsa-miR-429,1602
hsa-miR-429,10962
hsa-miR-429,23269
hsa-miR-429,4082
hsa-miR-429,7003
hsa-miR-429,64895
hsa-miR-429,6567
hsa-miR-429,9653
hsa-miR-429,5128
hsa-miR-429,5783
hsa-miR-429,84295
hsa-miR-429,84986
hsa-miR-429,1105
hsa-miR-429,9969
hsa-miR-429,1788
hsa-miR-429,7320
hsa-miR-429,9749
hsa-miR-429,10920
hsa-miR-429,54619
hsa-miR-429,4664
hsa-miR-429,10409
hsa-miR-429,94103
hsa-miR-429,5334
hsa-miR-429,23063
hsa-miR-429,10186
hsa-miR-429,143384
hsa-miR-429,6883
hsa-miR-429,64766
hsa-miR-429,23131
hsa-miR-429,9761
hsa-miR-429,4674
hsa-miR-429,54566
hsa-miR-429,221895
hsa-miR-429,55110
hsa-miR-429,26512
hsa-miR-429,1993
hsa-miR-429,57494
hsa-miR-429,3184
hsa-miR-429,51496
hsa-miR-429,93
hsa-miR-429,8867
hsa-miR-429,55236
hsa-miR-429,6935
hsa-miR-429,2104
hsa-miR-429,151195
hsa-miR-429,2494
hsa-miR-429,168667
hsa-miR-429,1606
hsa-miR-429,4133
hsa-miR-429,11017
hsa-miR-429,58478
hsa-miR-429,4638
hsa-miR-429,8491
hsa-miR-429,2294
hsa-miR-429,9819
hsa-miR-429,51510
hsa-miR-429,64145
hsa-miR-429,4131
hsa-miR-429,11278
hsa-miR-429,389136
hsa-miR-429,31
hsa-miR-429,55294
hsa-miR-429,4077
hsa-miR-429,90627
hsa-miR-429,375748
hsa-miR-429,55145
hsa-miR-429,9693
hsa-miR-429,83660
hsa-miR-429,80205
hsa-miR-429,51278
hsa-miR-429,255919
hsa-miR-429,256643
hsa-miR-429,29982
hsa-miR-429,6045
hsa-miR-429,83607
hsa-miR-429,8613
hsa-miR-429,55680
hsa-miR-429,55161
hsa-miR-429,687
hsa-miR-429,2823
hsa-miR-429,23543
hsa-miR-429,23243
hsa-miR-429,50650
hsa-miR-429,2624
hsa-miR-429,6928
hsa-miR-429,283554
hsa-miR-429,9647
hsa-miR-429,55602
hsa-miR-429,51592
hsa-miR-429,5926
hsa-miR-429,8314
hsa-miR-429,4781
hsa-miR-429,84541
hsa-miR-429,5126
hsa-miR-429,54454
hsa-miR-429,130399
hsa-miR-429,54954
hsa-miR-429,55167
hsa-miR-429,23435
hsa-miR-429,116068
hsa-miR-429,9448
hsa-miR-429,23001
hsa-miR-429,196528
hsa-miR-429,9425
hsa-miR-429,54206
hsa-miR-429,84251
hsa-miR-429,387
hsa-miR-429,29799
hsa-miR-429,9839
hsa-miR-429,6910
hsa-miR-429,389421
hsa-miR-429,130733
hsa-miR-429,89890
hsa-miR-429,29761
hsa-miR-429,6305
hsa-miR-429,57502
hsa-miR-429,148867
hsa-miR-429,4920
hsa-miR-429,138046
hsa-miR-429,331
hsa-miR-429,9783
hsa-miR-429,9513
hsa-miR-429,51571
hsa-miR-429,64864
hsa-miR-429,8767
hsa-miR-429,9710
hsa-miR-429,57157
hsa-miR-429,9612
hsa-miR-429,4478
hsa-miR-429,55691
hsa-miR-429,53353
hsa-miR-429,160518
hsa-miR-429,6711
hsa-miR-429,26053
hsa-miR-429,203522
hsa-miR-429,7456
hsa-miR-429,5305
hsa-miR-429,4602
hsa-miR-429,55082
hsa-miR-429,57565
hsa-miR-429,64089
hsa-miR-429,3955
hsa-miR-429,9759
hsa-miR-429,57496
hsa-miR-429,55656
hsa-miR-429,23592
hsa-miR-429,9315
hsa-miR-429,18
hsa-miR-429,25932
hsa-miR-429,80267
hsa-miR-429,64599
hsa-miR-429,9475
hsa-miR-429,266812
hsa-miR-429,27032
hsa-miR-429,22990
hsa-miR-429,108
hsa-miR-429,114781
hsa-miR-429,9745
hsa-miR-429,57826
hsa-miR-429,170506
hsa-miR-429,57468
hsa-miR-429,9768
hsa-miR-429,63971
hsa-miR-429,337876
hsa-miR-429,90196
hsa-miR-429,9685
hsa-miR-429,9815
hsa-miR-429,143279
hsa-miR-429,6722
hsa-miR-429,29109
hsa-miR-429,51455
hsa-miR-429,81849
hsa-miR-429,30850
hsa-miR-429,114928
hsa-miR-429,4325
hsa-miR-429,9728
hsa-miR-429,84612
hsa-miR-429,57337
hsa-miR-429,54838
hsa-miR-429,9113
hsa-miR-429,3725
hsa-miR-429,4038
hsa-miR-429,2245
hsa-miR-429,10810
hsa-miR-429,219654
hsa-miR-429,6683
hsa-miR-429,221981
hsa-miR-429,139411
hsa-miR-429,5099
hsa-miR-429,121457
hsa-miR-429,2800
hsa-miR-429,23230
hsa-miR-429,8939
hsa-miR-429,867
hsa-miR-429,6656
hsa-miR-429,11041
hsa-miR-429,143187
hsa-miR-429,54726
hsa-miR-429,3751
hsa-miR-429,79718
hsa-miR-429,488
hsa-miR-429,202459
hsa-miR-429,2295
hsa-miR-429,653121
hsa-miR-429,83452
hsa-miR-429,23271
hsa-miR-429,85464
hsa-miR-429,1399
hsa-miR-429,1618
hsa-miR-429,8500
hsa-miR-429,163404
hsa-miR-429,5567
hsa-miR-429,9748
hsa-miR-429,120114
hsa-miR-429,3149
hsa-miR-429,7468
hsa-miR-429,9228
hsa-miR-429,121551
hsa-miR-429,56999
hsa-miR-429,23657
hsa-miR-429,23168
hsa-miR-429,84662
hsa-miR-429,285343
hsa-miR-429,1948
hsa-miR-429,7093
hsa-miR-429,4661
hsa-miR-429,55207
hsa-miR-429,7879
hsa-miR-429,6624
hsa-miR-429,3321
hsa-miR-429,506
hsa-miR-429,80331
hsa-miR-429,255967
hsa-miR-429,5306
hsa-miR-429,4864
hsa-miR-429,10613
hsa-miR-429,55632
hsa-miR-429,8074
hsa-miR-429,84466
hsa-miR-429,23189
hsa-miR-429,60675
hsa-miR-429,6427
hsa-miR-429,203259
hsa-miR-429,22931
hsa-miR-429,80335
hsa-miR-429,6018
hsa-miR-429,10495
hsa-miR-429,2626
hsa-miR-429,6103
hsa-miR-429,6310
hsa-miR-429,63908
hsa-miR-429,490
hsa-miR-429,151613
hsa-miR-429,8204
hsa-miR-429,10499
hsa-miR-429,5569
hsa-miR-429,1389
hsa-miR-429,5962
hsa-miR-429,22891
hsa-miR-429,4851
hsa-miR-429,2551
hsa-miR-429,11113
hsa-miR-429,64750
hsa-miR-429,3899
hsa-miR-429,1615
hsa-miR-429,7321
hsa-miR-429,90411
hsa-miR-429,27443
hsa-miR-429,22873
hsa-miR-429,23360
hsa-miR-429,54926
hsa-miR-429,6326
hsa-miR-429,81688
hsa-miR-429,64919
hsa-miR-429,22803
hsa-miR-429,51762
hsa-miR-429,57472
hsa-miR-429,55870
hsa-miR-429,3708
hsa-miR-429,1027
hsa-miR-429,55132
hsa-miR-429,55137
hsa-miR-429,100113407
hsa-miR-429,9481
hsa-miR-429,1073
hsa-miR-429,813
hsa-miR-429,2119
hsa-miR-429,84456
hsa-miR-429,5066
hsa-miR-429,55205
hsa-miR-429,58508
hsa-miR-429,1942
hsa-miR-429,2059
hsa-miR-429,54583
hsa-miR-429,54796
hsa-miR-429,90459
hsa-miR-429,5818
hsa-miR-429,23516
hsa-miR-429,10818
hsa-miR-429,283464
hsa-miR-429,2201
hsa-miR-429,7529
hsa-miR-429,3267
hsa-miR-429,29110
hsa-miR-429,113263
hsa-miR-429,51199
hsa-miR-429,23258
hsa-miR-429,286046
hsa-miR-429,29121
hsa-miR-429,1501
hsa-miR-429,7182
hsa-miR-429,131566
hsa-miR-429,6921
hsa-miR-429,80143
hsa-miR-429,30010
hsa-miR-429,23413
hsa-miR-429,5601
hsa-miR-429,51742
hsa-miR-429,7329
hsa-miR-429,10178
hsa-miR-429,10479
hsa-miR-429,79135
hsa-miR-429,51125
hsa-miR-429,1124
hsa-miR-429,8905
hsa-miR-429,54407
hsa-miR-429,92154
hsa-miR-429,5100
hsa-miR-429,64130
hsa-miR-429,220
hsa-miR-429,85360
hsa-miR-429,9512
hsa-miR-429,123041
hsa-miR-429,288
hsa-miR-429,84687
hsa-miR-429,64778
hsa-miR-429,81669
hsa-miR-429,114788
hsa-miR-429,7422
hsa-miR-429,7813
hsa-miR-429,4008
hsa-miR-429,81607
hsa-miR-429,9508
hsa-miR-429,5803
hsa-miR-429,2029
hsa-miR-429,4209
hsa-miR-429,157506
hsa-miR-429,3572
hsa-miR-429,596
hsa-miR-429,267
hsa-miR-429,11099
hsa-miR-429,23291
hsa-miR-429,29035
hsa-miR-429,123036
hsa-miR-429,8880
hsa-miR-429,150275
hsa-miR-429,57608
hsa-miR-429,22834
hsa-miR-429,80031
hsa-miR-429,2290
hsa-miR-429,546
hsa-miR-429,4869
hsa-miR-429,9972
hsa-miR-429,84206
hsa-miR-429,1456
hsa-miR-429,395
hsa-miR-429,5495
hsa-miR-429,9096
hsa-miR-429,3358
hsa-miR-429,10777
hsa-miR-429,340554
hsa-miR-429,7204
hsa-miR-429,22858
hsa-miR-429,388403
hsa-miR-429,317
hsa-miR-429,326624
hsa-miR-429,8910
hsa-miR-429,376940
hsa-miR-429,135293
hsa-miR-429,54968
hsa-miR-429,2908
hsa-miR-429,347731
hsa-miR-429,116154
hsa-miR-429,26249
hsa-miR-429,121536
hsa-miR-429,57575
hsa-miR-429,257194
hsa-miR-429,4163
hsa-miR-429,10425
hsa-miR-429,27086
hsa-miR-429,55284
hsa-miR-429,51274
hsa-miR-429,25842
hsa-miR-429,23332
hsa-miR-429,1871
hsa-miR-429,6197
hsa-miR-429,10541
hsa-miR-429,23761
hsa-miR-429,54677
hsa-miR-429,8139
hsa-miR-429,3187
hsa-miR-429,80258
hsa-miR-429,23512
hsa-miR-429,51361
hsa-miR-429,56924
hsa-miR-429,25817
hsa-miR-429,1479
hsa-miR-429,22807
hsa-miR-429,2742
hsa-miR-429,57055
hsa-miR-429,9991
hsa-miR-429,2773
hsa-miR-429,23321
hsa-miR-429,348980
hsa-miR-429,55262
hsa-miR-429,8650
hsa-miR-429,6616
hsa-miR-429,23096
hsa-miR-429,2737
hsa-miR-429,6426
hsa-miR-429,3915
hsa-miR-429,386617
hsa-miR-429,11183
hsa-miR-429,11168
hsa-miR-429,29953
hsa-miR-429,357
hsa-miR-429,10914
hsa-miR-429,6328
hsa-miR-429,23090
hsa-miR-429,3146
hsa-miR-429,2764
hsa-miR-429,56956
hsa-miR-429,79365
hsa-miR-429,4982
hsa-miR-429,6657
hsa-miR-429,7355
hsa-miR-429,130574
hsa-miR-429,1266
hsa-miR-429,9522
hsa-miR-429,648
hsa-miR-429,9957
hsa-miR-429,23603
hsa-miR-429,3202
hsa-miR-429,151987
hsa-miR-429,60468
hsa-miR-429,3398
hsa-miR-429,167826
hsa-miR-429,51247
hsa-miR-429,403313
hsa-miR-429,79053
hsa-miR-429,4884
hsa-miR-429,10048
hsa-miR-429,124535
hsa-miR-429,11217
hsa-miR-429,445815
hsa-miR-429,167691
hsa-miR-429,23369
hsa-miR-429,55633
hsa-miR-429,5090
hsa-miR-429,92140
hsa-miR-429,10140
hsa-miR-429,4247
hsa-miR-429,10769
hsa-miR-429,22843
hsa-miR-429,9650
hsa-miR-429,65117
hsa-miR-429,6591
hsa-miR-429,152006
hsa-miR-429,27319
hsa-miR-429,286410
hsa-miR-429,1392
hsa-miR-429,9568
hsa-miR-429,9202
hsa-miR-429,9529
hsa-miR-429,64282
hsa-miR-429,51339
hsa-miR-429,51320
hsa-miR-429,95681
hsa-miR-429,114786
hsa-miR-429,135112
hsa-miR-429,1958
hsa-miR-429,1605
hsa-miR-429,171546
hsa-miR-429,1106
hsa-miR-429,10049
hsa-miR-429,7707
hsa-miR-429,4087
hsa-miR-429,6249
hsa-miR-429,7763
hsa-miR-429,257397
hsa-miR-429,7547
hsa-miR-429,403341
hsa-miR-429,79026
hsa-miR-429,91408
hsa-miR-429,55841
hsa-miR-429,10657
hsa-miR-429,112885
hsa-miR-429,55578
hsa-miR-429,775
hsa-miR-429,2887
hsa-miR-429,11276
hsa-miR-429,55626
hsa-miR-429,3313
hsa-miR-429,80012
hsa-miR-429,639
hsa-miR-429,4850
hsa-miR-429,7764
hsa-miR-429,6744
hsa-miR-429,23036
hsa-miR-429,55432
hsa-miR-429,84064
hsa-miR-429,4908
hsa-miR-429,9497
hsa-miR-429,3192
hsa-miR-429,2669
hsa-miR-429,23314
hsa-miR-429,9962
hsa-miR-429,200576
hsa-miR-429,84465
hsa-miR-429,120
hsa-miR-429,3791
hsa-miR-429,345557
hsa-miR-429,129642
hsa-miR-429,283373
hsa-miR-429,9877
hsa-miR-429,79960
hsa-miR-429,80124
hsa-miR-429,246175
hsa-miR-429,51527
hsa-miR-429,22936
hsa-miR-429,219623
hsa-miR-429,57512
hsa-miR-429,4684
hsa-miR-429,10891
hsa-miR-429,396
hsa-miR-429,79612
hsa-miR-429,245806
hsa-miR-429,126017
hsa-miR-429,2538
hsa-miR-429,783
hsa-miR-429,6925
hsa-miR-429,54165
hsa-miR-429,23179
hsa-miR-429,51780
hsa-miR-429,122011
hsa-miR-429,11167
hsa-miR-429,80351
hsa-miR-429,93380
hsa-miR-429,29979
hsa-miR-429,54897
hsa-miR-429,3190
hsa-miR-429,51528
hsa-miR-429,4660
hsa-miR-429,7071
hsa-miR-429,55181
hsa-miR-429,23676
hsa-miR-429,2562
hsa-miR-429,57092
hsa-miR-429,149076
hsa-miR-429,149420
hsa-miR-429,8660
hsa-miR-429,8671
hsa-miR-429,4738
hsa-miR-429,5573
hsa-miR-429,130026
hsa-miR-429,56916
hsa-miR-429,10420
hsa-miR-429,57561
hsa-miR-429,143684
hsa-miR-429,5577
hsa-miR-429,9828
hsa-miR-429,6602
hsa-miR-429,54887
hsa-miR-429,57683
hsa-miR-429,54462
hsa-miR-429,23362
hsa-miR-429,392255
hsa-miR-429,26524
hsa-miR-429,9134
hsa-miR-429,58487
hsa-miR-429,4089
hsa-miR-429,1317
hsa-miR-429,10979
hsa-miR-429,84289
hsa-miR-429,905
hsa-miR-429,1653
hsa-miR-429,6453
hsa-miR-429,2113
hsa-miR-429,254170
hsa-miR-429,54622
hsa-miR-429,998
hsa-miR-429,5469
hsa-miR-429,5127
hsa-miR-429,9135
hsa-miR-429,23164
hsa-miR-429,2114
hsa-miR-429,4613
hsa-miR-429,201725
hsa-miR-429,5744
hsa-miR-429,55010
hsa-miR-429,50807
hsa-miR-429,285753
hsa-miR-429,8451
hsa-miR-429,10007
hsa-miR-429,6747
hsa-miR-429,10052
hsa-miR-429,26049
hsa-miR-429,23122
hsa-miR-429,85458
hsa-miR-429,29966
hsa-miR-429,22864
hsa-miR-429,10370
hsa-miR-429,5737
hsa-miR-429,166968
hsa-miR-429,23176
hsa-miR-429,2590
hsa-miR-429,23047
hsa-miR-429,23092
hsa-miR-429,58516
hsa-miR-429,153830
hsa-miR-429,3188
hsa-miR-429,22841
hsa-miR-429,5335
hsa-miR-429,57589
hsa-miR-429,9925
hsa-miR-429,5170
hsa-miR-429,51755
hsa-miR-429,1009
hsa-miR-429,22800
hsa-miR-429,114088
hsa-miR-429,3714
hsa-miR-429,79607
hsa-miR-429,8828
hsa-miR-429,51422
hsa-miR-429,113201
hsa-miR-429,6745
hsa-miR-429,253461
hsa-miR-429,122060
hsa-miR-429,23116
hsa-miR-429,11163
hsa-miR-429,4724
hsa-miR-429,6874
hsa-miR-429,56262
hsa-miR-429,1052
hsa-miR-429,91584
hsa-miR-429,1326
hsa-miR-429,54469
hsa-miR-429,55854
hsa-miR-429,83786
hsa-miR-429,387700
hsa-miR-429,80255
hsa-miR-429,1353
hsa-miR-429,6383
hsa-miR-429,1965
hsa-miR-429,2186
hsa-miR-429,9669
hsa-miR-429,153364
hsa-miR-429,2665
hsa-miR-429,10096
hsa-miR-429,3340
hsa-miR-429,285527
hsa-miR-429,10160
hsa-miR-429,4774
hsa-miR-429,221937
hsa-miR-429,27244
hsa-miR-429,5527
hsa-miR-429,4800
hsa-miR-429,55288
hsa-miR-429,5358
hsa-miR-429,4756
hsa-miR-429,1387
hsa-miR-429,8555
hsa-miR-429,23142
hsa-miR-429,3845
hsa-miR-429,2332
hsa-miR-429,29970
hsa-miR-429,65249
hsa-miR-429,23390
hsa-miR-429,4217
hsa-miR-429,51421
hsa-miR-429,55904
hsa-miR-429,4214
hsa-miR-429,23608
hsa-miR-429,57532
hsa-miR-429,55197
hsa-miR-429,8726
hsa-miR-429,387263
hsa-miR-429,9306
hsa-miR-429,54845
hsa-miR-429,9267
hsa-miR-429,253943
hsa-miR-429,8445
hsa-miR-429,127254
hsa-miR-429,79800
hsa-miR-429,11235
hsa-miR-429,9445
hsa-miR-429,253782
hsa-miR-429,2559
hsa-miR-429,57120
hsa-miR-429,256691
hsa-miR-429,3131
hsa-miR-429,10730
hsa-miR-429,23286
hsa-miR-429,51719
hsa-miR-429,8732
hsa-miR-429,7552
hsa-miR-429,89795
hsa-miR-429,6272
hsa-miR-429,4097
hsa-miR-429,3482
hsa-miR-429,55089
hsa-miR-429,23187
hsa-miR-429,785
hsa-miR-429,80059
hsa-miR-429,8926
hsa-miR-429,205717
hsa-miR-429,5723
hsa-miR-429,84243
hsa-miR-429,5298
hsa-miR-429,2066
