hsa-miR-491-3p,210
hsa-miR-491-3p,472
hsa-miR-491-3p,1161
hsa-miR-491-3p,1286
hsa-miR-491-3p,1586
hsa-miR-491-3p,1545
hsa-miR-491-3p,1756
hsa-miR-491-3p,2153
hsa-miR-491-3p,2710
hsa-miR-491-3p,3655
hsa-miR-491-3p,3973
hsa-miR-491-3p,4128
hsa-miR-491-3p,4210
hsa-miR-491-3p,4286
hsa-miR-491-3p,4534
hsa-miR-491-3p,4548
hsa-miR-491-3p,4647
hsa-miR-491-3p,4693
hsa-miR-491-3p,4942
hsa-miR-491-3p,5193
hsa-miR-491-3p,5257
hsa-miR-491-3p,5741
hsa-miR-491-3p,5828
hsa-miR-491-3p,5961
hsa-miR-491-3p,6005
hsa-miR-491-3p,6121
hsa-miR-491-3p,6310
hsa-miR-491-3p,6444
hsa-miR-491-3p,6557
hsa-miR-491-3p,6898
hsa-miR-491-3p,7056
hsa-miR-491-3p,7078
hsa-miR-491-3p,7248
hsa-miR-491-3p,7253
hsa-miR-491-3p,7274
hsa-miR-491-3p,7498
hsa-miR-491-3p,4281
hsa-miR-491-3p,846
hsa-miR-491-3p,1536
hsa-miR-491-3p,2798
hsa-miR-491-3p,4053
hsa-miR-491-3p,5048
hsa-miR-491-3p,6401
hsa-miR-491-3p,6473
hsa-miR-491-3p,7010
hsa-miR-491-3p,54658
hsa-miR-491-3p,1080
hsa-miR-491-3p,1543
hsa-miR-491-3p,3239
hsa-miR-491-3p,6891
hsa-miR-491-3p,1641
hsa-miR-491-3p,3570
hsa-miR-491-3p,3485
hsa-miR-491-3p,6387
hsa-miR-491-3p,960
hsa-miR-491-3p,356
hsa-miR-491-3p,477
hsa-miR-491-3p,777
hsa-miR-491-3p,919
hsa-miR-491-3p,1137
hsa-miR-491-3p,1551
hsa-miR-491-3p,1579
hsa-miR-491-3p,1734
hsa-miR-491-3p,1816
hsa-miR-491-3p,2554
hsa-miR-491-3p,2557
hsa-miR-491-3p,2561
hsa-miR-491-3p,2562
hsa-miR-491-3p,2890
hsa-miR-491-3p,2892
hsa-miR-491-3p,2903
hsa-miR-491-3p,2915
hsa-miR-491-3p,3567
hsa-miR-491-3p,3759
hsa-miR-491-3p,4306
hsa-miR-491-3p,4311
hsa-miR-491-3p,4886
hsa-miR-491-3p,5033
hsa-miR-491-3p,5241
hsa-miR-491-3p,5243
hsa-miR-491-3p,5534
hsa-miR-491-3p,5618
hsa-miR-491-3p,5638
hsa-miR-491-3p,6158
hsa-miR-491-3p,6453
hsa-miR-491-3p,491
hsa-miR-491-3p,55885
hsa-miR-491-3p,4090
hsa-miR-491-3p,9317
hsa-miR-491-3p,4731
hsa-miR-491-3p,2887
hsa-miR-491-3p,414328
hsa-miR-491-3p,339745
hsa-miR-491-3p,388566
hsa-miR-491-3p,389337
hsa-miR-491-3p,414301
hsa-miR-491-3p,414236
hsa-miR-491-3p,286223
hsa-miR-491-3p,59338
hsa-miR-491-3p,9659
hsa-miR-491-3p,54816
hsa-miR-491-3p,55727
hsa-miR-491-3p,221830
hsa-miR-491-3p,3983
hsa-miR-491-3p,4087
hsa-miR-491-3p,401265
hsa-miR-491-3p,11158
hsa-miR-491-3p,253175
hsa-miR-491-3p,340595
hsa-miR-491-3p,440077
hsa-miR-491-3p,440097
hsa-miR-491-3p,57628
hsa-miR-491-3p,29121
hsa-miR-491-3p,340120
hsa-miR-491-3p,10457
hsa-miR-491-3p,10097
hsa-miR-491-3p,388403
hsa-miR-491-3p,51652
hsa-miR-491-3p,7341
hsa-miR-491-3p,57055
hsa-miR-491-3p,6259
hsa-miR-491-3p,57539
hsa-miR-491-3p,7587
hsa-miR-491-3p,492307
hsa-miR-491-3p,27101
hsa-miR-491-3p,3321
hsa-miR-491-3p,51603
hsa-miR-491-3p,148103
hsa-miR-491-3p,10206
hsa-miR-491-3p,56995
hsa-miR-491-3p,222698
hsa-miR-491-3p,441521
hsa-miR-491-3p,283726
hsa-miR-491-3p,147339
hsa-miR-491-3p,8545
hsa-miR-491-3p,493860
hsa-miR-491-3p,55740
hsa-miR-491-3p,257144
hsa-miR-491-3p,25898
hsa-miR-491-3p,9848
hsa-miR-491-3p,205717
hsa-miR-491-3p,388697
hsa-miR-491-3p,123876
hsa-miR-491-3p,126669
hsa-miR-491-3p,200205
hsa-miR-491-3p,253017
hsa-miR-491-3p,284611
hsa-miR-491-3p,340554
hsa-miR-491-3p,345778
hsa-miR-491-3p,345895
hsa-miR-491-3p,375748
hsa-miR-491-3p,440603
hsa-miR-491-3p,3082
hsa-miR-491-3p,5906
hsa-miR-491-3p,5908
hsa-miR-491-3p,6399
hsa-miR-491-3p,134218
hsa-miR-491-3p,10006
hsa-miR-491-3p,387921
hsa-miR-491-3p,401612
hsa-miR-491-3p,339324
hsa-miR-491-3p,400506
hsa-miR-491-3p,114815
hsa-miR-491-3p,388969
hsa-miR-491-3p,84056
hsa-miR-491-3p,9060
hsa-miR-491-3p,117584
hsa-miR-491-3p,6670
hsa-miR-491-3p,28965
hsa-miR-491-3p,59352
hsa-miR-491-3p,57120
hsa-miR-491-3p,541466
hsa-miR-491-3p,441519
hsa-miR-491-3p,441520
hsa-miR-491-3p,541465
hsa-miR-491-3p,139425
hsa-miR-491-3p,161291
hsa-miR-491-3p,9364
hsa-miR-491-3p,27122
hsa-miR-491-3p,22797
hsa-miR-491-3p,4915
hsa-miR-491-3p,5106
hsa-miR-491-3p,347273
hsa-miR-491-3p,54751
hsa-miR-491-3p,117177
hsa-miR-491-3p,821
hsa-miR-491-3p,605
hsa-miR-491-3p,7048
hsa-miR-491-3p,10168
hsa-miR-491-3p,574028
hsa-miR-491-3p,27097
hsa-miR-491-3p,1854
hsa-miR-491-3p,285382
hsa-miR-491-3p,196527
hsa-miR-491-3p,83478
hsa-miR-491-3p,57623
hsa-miR-491-3p,285429
hsa-miR-491-3p,221391
hsa-miR-491-3p,394
hsa-miR-491-3p,389432
hsa-miR-491-3p,26036
hsa-miR-491-3p,253827
hsa-miR-491-3p,6432
hsa-miR-491-3p,23543
hsa-miR-491-3p,83636
hsa-miR-491-3p,283461
hsa-miR-491-3p,79836
hsa-miR-491-3p,8428
hsa-miR-491-3p,9139
hsa-miR-491-3p,140733
hsa-miR-491-3p,51128
hsa-miR-491-3p,55288
hsa-miR-491-3p,619279
hsa-miR-491-3p,7188
hsa-miR-491-3p,162073
hsa-miR-491-3p,54845
hsa-miR-491-3p,9559
hsa-miR-491-3p,116987
hsa-miR-491-3p,4897
hsa-miR-491-3p,221937
hsa-miR-491-3p,83875
hsa-miR-491-3p,114299
hsa-miR-491-3p,26999
hsa-miR-491-3p,8706
hsa-miR-491-3p,219972
hsa-miR-491-3p,9844
hsa-miR-491-3p,79884
hsa-miR-491-3p,9463
hsa-miR-491-3p,728957
hsa-miR-491-3p,129450
hsa-miR-491-3p,53344
hsa-miR-491-3p,414149
hsa-miR-491-3p,26512
hsa-miR-491-3p,9498
hsa-miR-491-3p,27065
hsa-miR-491-3p,27030
hsa-miR-491-3p,6326
hsa-miR-491-3p,55800
hsa-miR-491-3p,91661
hsa-miR-491-3p,64282
hsa-miR-491-3p,23142
hsa-miR-491-3p,23162
hsa-miR-491-3p,653121
hsa-miR-491-3p,51131
hsa-miR-491-3p,51665
hsa-miR-491-3p,54545
hsa-miR-491-3p,79364
hsa-miR-491-3p,23462
hsa-miR-491-3p,6059
hsa-miR-491-3p,1540
hsa-miR-491-3p,831
hsa-miR-491-3p,122786
hsa-miR-491-3p,27010
hsa-miR-491-3p,730394
hsa-miR-491-3p,84281
hsa-miR-491-3p,10479
hsa-miR-491-3p,25936
hsa-miR-491-3p,10818
hsa-miR-491-3p,1982
hsa-miR-491-3p,2066
hsa-miR-491-3p,85865
hsa-miR-491-3p,65062
hsa-miR-491-3p,6503
hsa-miR-491-3p,6947
hsa-miR-491-3p,7132
hsa-miR-491-3p,54578
hsa-miR-491-3p,11170
hsa-miR-491-3p,8555
hsa-miR-491-3p,50940
hsa-miR-491-3p,22872
hsa-miR-491-3p,2893
hsa-miR-491-3p,3183
hsa-miR-491-3p,9767
hsa-miR-491-3p,255061
hsa-miR-491-3p,137886
hsa-miR-491-3p,25816
hsa-miR-491-3p,64506
hsa-miR-491-3p,7080
hsa-miR-491-3p,22862
hsa-miR-491-3p,8887
hsa-miR-491-3p,9001
hsa-miR-491-3p,253461
hsa-miR-491-3p,23361
hsa-miR-491-3p,23025
hsa-miR-491-3p,56271
hsa-miR-491-3p,114800
hsa-miR-491-3p,25992
hsa-miR-491-3p,4645
hsa-miR-491-3p,85015
hsa-miR-491-3p,10838
hsa-miR-491-3p,9185
hsa-miR-491-3p,8029
hsa-miR-491-3p,11025
hsa-miR-491-3p,57187
hsa-miR-491-3p,8654
hsa-miR-491-3p,89846
hsa-miR-491-3p,9135
hsa-miR-491-3p,23253
hsa-miR-491-3p,56649
hsa-miR-491-3p,6925
hsa-miR-491-3p,7710
hsa-miR-491-3p,768211
hsa-miR-491-3p,133686
hsa-miR-491-3p,155006
hsa-miR-491-3p,1500
hsa-miR-491-3p,1112
hsa-miR-491-3p,10557
hsa-miR-491-3p,2650
hsa-miR-491-3p,4248
hsa-miR-491-3p,285268
hsa-miR-491-3p,10786
hsa-miR-491-3p,26586
hsa-miR-491-3p,54502
hsa-miR-491-3p,341208
hsa-miR-491-3p,2786
hsa-miR-491-3p,728340
hsa-miR-491-3p,653238
hsa-miR-491-3p,51272
hsa-miR-491-3p,23176
hsa-miR-491-3p,26011
hsa-miR-491-3p,653567
hsa-miR-491-3p,284656
hsa-miR-491-3p,55313
hsa-miR-491-3p,283464
hsa-miR-491-3p,283554
hsa-miR-491-3p,375743
hsa-miR-491-3p,25994
hsa-miR-491-3p,729355
hsa-miR-491-3p,55638
hsa-miR-491-3p,3708
hsa-miR-491-3p,27
hsa-miR-491-3p,9749
hsa-miR-491-3p,11069
hsa-miR-491-3p,23244
hsa-miR-491-3p,26054
hsa-miR-491-3p,79632
hsa-miR-491-3p,54149
hsa-miR-491-3p,55022
hsa-miR-491-3p,100113407
hsa-miR-491-3p,401474
hsa-miR-491-3p,80020
hsa-miR-491-3p,80143
hsa-miR-491-3p,80185
hsa-miR-491-3p,80216
hsa-miR-491-3p,5999
hsa-miR-491-3p,84513
hsa-miR-491-3p,26058
hsa-miR-491-3p,55026
hsa-miR-491-3p,54852
hsa-miR-491-3p,91607
hsa-miR-491-3p,5144
hsa-miR-491-3p,55251
hsa-miR-491-3p,205147
hsa-miR-491-3p,9070
hsa-miR-491-3p,57526
hsa-miR-491-3p,5797
hsa-miR-491-3p,93
hsa-miR-491-3p,283450
hsa-miR-491-3p,5787
hsa-miR-491-3p,728661
hsa-miR-491-3p,85477
hsa-miR-491-3p,11011
hsa-miR-491-3p,6546
hsa-miR-491-3p,10725
hsa-miR-491-3p,22854
hsa-miR-491-3p,8874
hsa-miR-491-3p,51474
hsa-miR-491-3p,388341
hsa-miR-491-3p,53405
hsa-miR-491-3p,955
hsa-miR-491-3p,996
hsa-miR-491-3p,25917
hsa-miR-491-3p,1075
hsa-miR-491-3p,121536
hsa-miR-491-3p,8626
hsa-miR-491-3p,2665
hsa-miR-491-3p,120
hsa-miR-491-3p,141
hsa-miR-491-3p,167
hsa-miR-491-3p,177
hsa-miR-491-3p,288
hsa-miR-491-3p,316
hsa-miR-491-3p,329
hsa-miR-491-3p,637
hsa-miR-491-3p,651
hsa-miR-491-3p,659
hsa-miR-491-3p,687
hsa-miR-491-3p,858
hsa-miR-491-3p,905
hsa-miR-491-3p,1012
hsa-miR-491-3p,1021
hsa-miR-491-3p,1108
hsa-miR-491-3p,1179
hsa-miR-491-3p,1362
hsa-miR-491-3p,1601
hsa-miR-491-3p,1793
hsa-miR-491-3p,1807
hsa-miR-491-3p,1842
hsa-miR-491-3p,1901
hsa-miR-491-3p,2069
hsa-miR-491-3p,2309
hsa-miR-491-3p,2327
hsa-miR-491-3p,2622
hsa-miR-491-3p,2631
hsa-miR-491-3p,2729
hsa-miR-491-3p,2966
hsa-miR-491-3p,3281
hsa-miR-491-3p,3622
hsa-miR-491-3p,33
hsa-miR-491-3p,92
hsa-miR-491-3p,214
hsa-miR-491-3p,382
hsa-miR-491-3p,523
hsa-miR-491-3p,528
hsa-miR-491-3p,570
hsa-miR-491-3p,627
hsa-miR-491-3p,655
hsa-miR-491-3p,819
hsa-miR-491-3p,865
hsa-miR-491-3p,911
hsa-miR-491-3p,1003
hsa-miR-491-3p,1054
hsa-miR-491-3p,1122
hsa-miR-491-3p,1191
hsa-miR-491-3p,1266
hsa-miR-491-3p,1310
hsa-miR-491-3p,1629
hsa-miR-491-3p,1634
hsa-miR-491-3p,1828
hsa-miR-491-3p,1830
hsa-miR-491-3p,1871
hsa-miR-491-3p,1909
hsa-miR-491-3p,2060
hsa-miR-491-3p,2254
hsa-miR-491-3p,2332
hsa-miR-491-3p,2334
hsa-miR-491-3p,2444
hsa-miR-491-3p,2526
hsa-miR-491-3p,2551
hsa-miR-491-3p,2770
hsa-miR-491-3p,2776
hsa-miR-491-3p,2993
hsa-miR-491-3p,2997
hsa-miR-491-3p,3131
hsa-miR-491-3p,3181
hsa-miR-491-3p,3344
hsa-miR-491-3p,3399
hsa-miR-491-3p,3673
hsa-miR-491-3p,3696
hsa-miR-491-3p,3766
hsa-miR-491-3p,3821
hsa-miR-491-3p,3822
hsa-miR-491-3p,3840
hsa-miR-491-3p,3842
hsa-miR-491-3p,3920
hsa-miR-491-3p,3930
hsa-miR-491-3p,4040
hsa-miR-491-3p,4082
hsa-miR-491-3p,4147
hsa-miR-491-3p,4179
hsa-miR-491-3p,4208
hsa-miR-491-3p,4232
hsa-miR-491-3p,4247
hsa-miR-491-3p,4288
hsa-miR-491-3p,4322
hsa-miR-491-3p,4360
hsa-miR-491-3p,4437
hsa-miR-491-3p,3662
hsa-miR-491-3p,4609
hsa-miR-491-3p,4659
hsa-miR-491-3p,4856
hsa-miR-491-3p,4857
hsa-miR-491-3p,4907
hsa-miR-491-3p,4950
hsa-miR-491-3p,4973
hsa-miR-491-3p,5046
hsa-miR-491-3p,5062
hsa-miR-491-3p,5069
hsa-miR-491-3p,5163
hsa-miR-491-3p,5203
hsa-miR-491-3p,5277
hsa-miR-491-3p,5346
hsa-miR-491-3p,5411
hsa-miR-491-3p,5523
hsa-miR-491-3p,5527
hsa-miR-491-3p,5567
hsa-miR-491-3p,5577
hsa-miR-491-3p,5579
hsa-miR-491-3p,5584
hsa-miR-491-3p,5651
hsa-miR-491-3p,5756
hsa-miR-491-3p,5792
hsa-miR-491-3p,5801
hsa-miR-491-3p,5825
hsa-miR-491-3p,5829
hsa-miR-491-3p,5887
hsa-miR-491-3p,5937
hsa-miR-491-3p,5962
hsa-miR-491-3p,246243
hsa-miR-491-3p,6249
hsa-miR-491-3p,6376
hsa-miR-491-3p,6418
hsa-miR-491-3p,6428
hsa-miR-491-3p,6489
hsa-miR-491-3p,6541
hsa-miR-491-3p,6566
hsa-miR-491-3p,6617
hsa-miR-491-3p,6664
hsa-miR-491-3p,6711
hsa-miR-491-3p,6726
hsa-miR-491-3p,6198
hsa-miR-491-3p,6854
hsa-miR-491-3p,6874
hsa-miR-491-3p,6885
hsa-miR-491-3p,6903
hsa-miR-491-3p,7019
hsa-miR-491-3p,6996
hsa-miR-491-3p,7021
hsa-miR-491-3p,7057
hsa-miR-491-3p,7058
hsa-miR-491-3p,7095
hsa-miR-491-3p,7107
hsa-miR-491-3p,7165
hsa-miR-491-3p,7180
hsa-miR-491-3p,7182
hsa-miR-491-3p,7220
hsa-miR-491-3p,7275
hsa-miR-491-3p,7289
hsa-miR-491-3p,7320
hsa-miR-491-3p,7334
hsa-miR-491-3p,7374
hsa-miR-491-3p,7385
hsa-miR-491-3p,7405
hsa-miR-491-3p,7423
hsa-miR-491-3p,7474
hsa-miR-491-3p,7484
hsa-miR-491-3p,7586
hsa-miR-491-3p,7849
hsa-miR-491-3p,7855
hsa-miR-491-3p,8065
hsa-miR-491-3p,8076
hsa-miR-491-3p,8091
hsa-miR-491-3p,8204
hsa-miR-491-3p,8269
hsa-miR-491-3p,8303
hsa-miR-491-3p,8411
hsa-miR-491-3p,9218
hsa-miR-491-3p,8452
hsa-miR-491-3p,8470
hsa-miR-491-3p,8505
hsa-miR-491-3p,8507
hsa-miR-491-3p,8515
hsa-miR-491-3p,8528
hsa-miR-491-3p,8538
hsa-miR-491-3p,8540
hsa-miR-491-3p,8560
hsa-miR-491-3p,8562
hsa-miR-491-3p,8569
hsa-miR-491-3p,8614
hsa-miR-491-3p,8629
hsa-miR-491-3p,8658
hsa-miR-491-3p,8674
hsa-miR-491-3p,8707
hsa-miR-491-3p,8715
hsa-miR-491-3p,8796
hsa-miR-491-3p,8809
hsa-miR-491-3p,8813
hsa-miR-491-3p,8816
hsa-miR-491-3p,8829
hsa-miR-491-3p,8832
hsa-miR-491-3p,8850
hsa-miR-491-3p,8899
hsa-miR-491-3p,8934
hsa-miR-491-3p,8945
hsa-miR-491-3p,8976
hsa-miR-491-3p,9037
hsa-miR-491-3p,9044
hsa-miR-491-3p,567
hsa-miR-491-3p,1520
hsa-miR-491-3p,1607
hsa-miR-491-3p,1617
hsa-miR-491-3p,1965
hsa-miR-491-3p,2070
hsa-miR-491-3p,2151
hsa-miR-491-3p,2185
hsa-miR-491-3p,2230
hsa-miR-491-3p,2256
hsa-miR-491-3p,2258
hsa-miR-491-3p,2764
hsa-miR-491-3p,3658
hsa-miR-491-3p,4733
hsa-miR-491-3p,5272
hsa-miR-491-3p,5861
hsa-miR-491-3p,6505
hsa-miR-491-3p,6506
hsa-miR-491-3p,6507
hsa-miR-491-3p,8242
hsa-miR-491-3p,9117
hsa-miR-491-3p,9166
hsa-miR-491-3p,9306
hsa-miR-491-3p,9314
hsa-miR-491-3p,9319
hsa-miR-491-3p,9403
hsa-miR-491-3p,9557
hsa-miR-491-3p,9615
hsa-miR-491-3p,9628
hsa-miR-491-3p,238
hsa-miR-491-3p,403
hsa-miR-491-3p,409
hsa-miR-491-3p,663
hsa-miR-491-3p,836
hsa-miR-491-3p,1303
hsa-miR-491-3p,1385
hsa-miR-491-3p,1496
hsa-miR-491-3p,1602
hsa-miR-491-3p,1656
hsa-miR-491-3p,1780
hsa-miR-491-3p,1787
hsa-miR-491-3p,1960
hsa-miR-491-3p,1993
hsa-miR-491-3p,2043
hsa-miR-491-3p,2186
hsa-miR-491-3p,2250
hsa-miR-491-3p,2909
hsa-miR-491-3p,3084
hsa-miR-491-3p,3192
hsa-miR-491-3p,3267
hsa-miR-491-3p,4794
hsa-miR-491-3p,6197
hsa-miR-491-3p,6695
hsa-miR-491-3p,6738
hsa-miR-491-3p,7247
hsa-miR-491-3p,7867
hsa-miR-491-3p,7879
hsa-miR-491-3p,4868
hsa-miR-491-3p,8228
hsa-miR-491-3p,8972
hsa-miR-491-3p,9068
hsa-miR-491-3p,9085
hsa-miR-491-3p,9140
hsa-miR-491-3p,9167
hsa-miR-491-3p,9169
hsa-miR-491-3p,9187
hsa-miR-491-3p,9201
hsa-miR-491-3p,9227
hsa-miR-491-3p,9236
hsa-miR-491-3p,9263
hsa-miR-491-3p,9312
hsa-miR-491-3p,9363
hsa-miR-491-3p,9365
hsa-miR-491-3p,9370
hsa-miR-491-3p,9391
hsa-miR-491-3p,9404
hsa-miR-491-3p,9410
hsa-miR-491-3p,9416
hsa-miR-491-3p,9480
hsa-miR-491-3p,9495
hsa-miR-491-3p,9522
hsa-miR-491-3p,9525
hsa-miR-491-3p,360
hsa-miR-491-3p,677
hsa-miR-491-3p,740
hsa-miR-491-3p,832
hsa-miR-491-3p,1823
hsa-miR-491-3p,2115
hsa-miR-491-3p,3737
hsa-miR-491-3p,3745
hsa-miR-491-3p,4646
hsa-miR-491-3p,5711
hsa-miR-491-3p,6400
hsa-miR-491-3p,6492
hsa-miR-491-3p,6900
hsa-miR-491-3p,8227
hsa-miR-491-3p,9202
hsa-miR-491-3p,9962
hsa-miR-491-3p,9975
hsa-miR-491-3p,9991
hsa-miR-491-3p,70
hsa-miR-491-3p,157
hsa-miR-491-3p,187
hsa-miR-491-3p,225
hsa-miR-491-3p,466
hsa-miR-491-3p,867
hsa-miR-491-3p,1237
hsa-miR-491-3p,2113
hsa-miR-491-3p,2290
hsa-miR-491-3p,2300
hsa-miR-491-3p,2627
hsa-miR-491-3p,2669
hsa-miR-491-3p,3021
hsa-miR-491-3p,3681
hsa-miR-491-3p,4008
hsa-miR-491-3p,4089
hsa-miR-491-3p,4820
hsa-miR-491-3p,5082
hsa-miR-491-3p,5507
hsa-miR-491-3p,5581
hsa-miR-491-3p,8030
hsa-miR-491-3p,9626
hsa-miR-491-3p,9627
hsa-miR-491-3p,10008
hsa-miR-491-3p,10040
hsa-miR-491-3p,10048
hsa-miR-491-3p,10054
hsa-miR-491-3p,586
hsa-miR-491-3p,950
hsa-miR-491-3p,3667
hsa-miR-491-3p,3702
hsa-miR-491-3p,3918
hsa-miR-491-3p,3939
hsa-miR-491-3p,5454
hsa-miR-491-3p,6654
hsa-miR-491-3p,7185
hsa-miR-491-3p,7903
hsa-miR-491-3p,10056
hsa-miR-491-3p,10103
hsa-miR-491-3p,10105
hsa-miR-491-3p,10123
hsa-miR-491-3p,10127
hsa-miR-491-3p,25820
hsa-miR-491-3p,10135
hsa-miR-491-3p,10186
hsa-miR-491-3p,23683
hsa-miR-491-3p,10238
hsa-miR-491-3p,10253
hsa-miR-491-3p,9963
hsa-miR-491-3p,10274
hsa-miR-491-3p,10281
hsa-miR-491-3p,10282
hsa-miR-491-3p,10294
hsa-miR-491-3p,10297
hsa-miR-491-3p,2802
hsa-miR-491-3p,3417
hsa-miR-491-3p,4076
hsa-miR-491-3p,4173
hsa-miR-491-3p,4277
hsa-miR-491-3p,4302
hsa-miR-491-3p,4325
hsa-miR-491-3p,4520
hsa-miR-491-3p,6495
hsa-miR-491-3p,9240
hsa-miR-491-3p,10137
hsa-miR-491-3p,10314
hsa-miR-491-3p,10319
hsa-miR-491-3p,10321
hsa-miR-491-3p,10345
hsa-miR-491-3p,10371
hsa-miR-491-3p,10413
hsa-miR-491-3p,4734
hsa-miR-491-3p,4801
hsa-miR-491-3p,4824
hsa-miR-491-3p,4940
hsa-miR-491-3p,5156
hsa-miR-491-3p,5208
hsa-miR-491-3p,5439
hsa-miR-491-3p,5562
hsa-miR-491-3p,5588
hsa-miR-491-3p,5903
hsa-miR-491-3p,6431
hsa-miR-491-3p,7035
hsa-miR-491-3p,7128
hsa-miR-491-3p,7381
hsa-miR-491-3p,7745
hsa-miR-491-3p,9520
hsa-miR-491-3p,9958
hsa-miR-491-3p,10426
hsa-miR-491-3p,10440
hsa-miR-491-3p,10466
hsa-miR-491-3p,10469
hsa-miR-491-3p,10486
hsa-miR-491-3p,10507
hsa-miR-491-3p,10513
hsa-miR-491-3p,10526
hsa-miR-491-3p,10529
hsa-miR-491-3p,10551
hsa-miR-491-3p,10559
hsa-miR-491-3p,10614
hsa-miR-491-3p,10618
hsa-miR-491-3p,1203
hsa-miR-491-3p,7697
hsa-miR-491-3p,7980
hsa-miR-491-3p,10018
hsa-miR-491-3p,10640
hsa-miR-491-3p,10642
hsa-miR-491-3p,10643
hsa-miR-491-3p,10666
hsa-miR-491-3p,11183
hsa-miR-491-3p,10690
hsa-miR-491-3p,10699
hsa-miR-491-3p,10767
hsa-miR-491-3p,10825
hsa-miR-491-3p,10846
hsa-miR-491-3p,10905
hsa-miR-491-3p,987
hsa-miR-491-3p,6645
hsa-miR-491-3p,7805
hsa-miR-491-3p,7991
hsa-miR-491-3p,10009
hsa-miR-491-3p,10885
hsa-miR-491-3p,10946
hsa-miR-491-3p,10964
hsa-miR-491-3p,10972
hsa-miR-491-3p,10988
hsa-miR-491-3p,11031
hsa-miR-491-3p,11041
hsa-miR-491-3p,463
hsa-miR-491-3p,6016
hsa-miR-491-3p,6782
hsa-miR-491-3p,7348
hsa-miR-491-3p,7581
hsa-miR-491-3p,7582
hsa-miR-491-3p,7978
hsa-miR-491-3p,9071
hsa-miR-491-3p,11052
hsa-miR-491-3p,11096
hsa-miR-491-3p,11122
hsa-miR-491-3p,11149
hsa-miR-491-3p,6747
hsa-miR-491-3p,7062
hsa-miR-491-3p,7204
hsa-miR-491-3p,54657
hsa-miR-491-3p,7546
hsa-miR-491-3p,7634
hsa-miR-491-3p,7728
hsa-miR-491-3p,158586
hsa-miR-491-3p,10351
hsa-miR-491-3p,11222
hsa-miR-491-3p,11231
hsa-miR-491-3p,11255
hsa-miR-491-3p,11261
hsa-miR-491-3p,11276
hsa-miR-491-3p,11342
hsa-miR-491-3p,6772
hsa-miR-491-3p,7776
hsa-miR-491-3p,23431
hsa-miR-491-3p,23435
hsa-miR-491-3p,23621
hsa-miR-491-3p,26511
hsa-miR-491-3p,23607
hsa-miR-491-3p,26298
hsa-miR-491-3p,2036
hsa-miR-491-3p,26224
hsa-miR-491-3p,26260
hsa-miR-491-3p,25758
hsa-miR-491-3p,22930
hsa-miR-491-3p,23411
hsa-miR-491-3p,22803
hsa-miR-491-3p,25829
hsa-miR-491-3p,9771
hsa-miR-491-3p,9863
hsa-miR-491-3p,23194
hsa-miR-491-3p,23017
hsa-miR-491-3p,22941
hsa-miR-491-3p,23556
hsa-miR-491-3p,23531
hsa-miR-491-3p,4651
hsa-miR-491-3p,23560
hsa-miR-491-3p,23548
hsa-miR-491-3p,26205
hsa-miR-491-3p,5218
hsa-miR-491-3p,5275
hsa-miR-491-3p,23627
hsa-miR-491-3p,6251
hsa-miR-491-3p,23626
hsa-miR-491-3p,7092
hsa-miR-491-3p,29106
hsa-miR-491-3p,23601
hsa-miR-491-3p,4289
hsa-miR-491-3p,23767
hsa-miR-491-3p,10015
hsa-miR-491-3p,23670
hsa-miR-491-3p,204
hsa-miR-491-3p,11159
hsa-miR-491-3p,395
hsa-miR-491-3p,30062
hsa-miR-491-3p,30817
hsa-miR-491-3p,11176
hsa-miR-491-3p,26529
hsa-miR-491-3p,25932
hsa-miR-491-3p,23020
hsa-miR-491-3p,117178
hsa-miR-491-3p,28987
hsa-miR-491-3p,29028
hsa-miR-491-3p,26047
hsa-miR-491-3p,29068
hsa-miR-491-3p,29090
hsa-miR-491-3p,29094
hsa-miR-491-3p,6843
hsa-miR-491-3p,10165
hsa-miR-491-3p,10863
hsa-miR-491-3p,23413
hsa-miR-491-3p,23479
hsa-miR-491-3p,23586
hsa-miR-491-3p,23657
hsa-miR-491-3p,23788
hsa-miR-491-3p,24147
hsa-miR-491-3p,26253
hsa-miR-491-3p,27012
hsa-miR-491-3p,27125
hsa-miR-491-3p,27301
hsa-miR-491-3p,27306
hsa-miR-491-3p,29843
hsa-miR-491-3p,23190
hsa-miR-491-3p,9639
hsa-miR-491-3p,9665
hsa-miR-491-3p,9695
hsa-miR-491-3p,9701
hsa-miR-491-3p,9711
hsa-miR-491-3p,9717
hsa-miR-491-3p,9729
hsa-miR-491-3p,9732
hsa-miR-491-3p,9743
hsa-miR-491-3p,9788
hsa-miR-491-3p,9794
hsa-miR-491-3p,9801
hsa-miR-491-3p,9806
hsa-miR-491-3p,9813
hsa-miR-491-3p,9849
hsa-miR-491-3p,9890
hsa-miR-491-3p,9892
hsa-miR-491-3p,9895
hsa-miR-491-3p,9913
hsa-miR-491-3p,9920
hsa-miR-491-3p,9929
hsa-miR-491-3p,9931
hsa-miR-491-3p,22832
hsa-miR-491-3p,22835
hsa-miR-491-3p,89795
hsa-miR-491-3p,22848
hsa-miR-491-3p,22849
hsa-miR-491-3p,22858
hsa-miR-491-3p,22873
hsa-miR-491-3p,22874
hsa-miR-491-3p,22881
hsa-miR-491-3p,6683
hsa-miR-491-3p,22986
hsa-miR-491-3p,22999
hsa-miR-491-3p,23012
hsa-miR-491-3p,23036
hsa-miR-491-3p,23040
hsa-miR-491-3p,23041
hsa-miR-491-3p,23052
hsa-miR-491-3p,23063
hsa-miR-491-3p,23065
hsa-miR-491-3p,66008
hsa-miR-491-3p,23071
hsa-miR-491-3p,23072
hsa-miR-491-3p,23095
hsa-miR-491-3p,23097
hsa-miR-491-3p,23119
hsa-miR-491-3p,23141
hsa-miR-491-3p,23177
hsa-miR-491-3p,23179
hsa-miR-491-3p,23184
hsa-miR-491-3p,23185
hsa-miR-491-3p,23186
hsa-miR-491-3p,23201
hsa-miR-491-3p,23215
hsa-miR-491-3p,23232
hsa-miR-491-3p,221981
hsa-miR-491-3p,23250
hsa-miR-491-3p,23252
hsa-miR-491-3p,23255
hsa-miR-491-3p,158471
hsa-miR-491-3p,23283
hsa-miR-491-3p,57553
hsa-miR-491-3p,23306
hsa-miR-491-3p,23310
hsa-miR-491-3p,23312
hsa-miR-491-3p,23322
hsa-miR-491-3p,23325
hsa-miR-491-3p,23328
hsa-miR-491-3p,23351
hsa-miR-491-3p,23358
hsa-miR-491-3p,23369
hsa-miR-491-3p,23378
hsa-miR-491-3p,23390
hsa-miR-491-3p,23504
hsa-miR-491-3p,7556
hsa-miR-491-3p,25897
hsa-miR-491-3p,284058
hsa-miR-491-3p,51574
hsa-miR-491-3p,57472
hsa-miR-491-3p,25957
hsa-miR-491-3p,25970
hsa-miR-491-3p,26031
hsa-miR-491-3p,26059
hsa-miR-491-3p,26127
hsa-miR-491-3p,26152
hsa-miR-491-3p,26164
hsa-miR-491-3p,26751
hsa-miR-491-3p,26960
hsa-miR-491-3p,27111
hsa-miR-491-3p,50484
hsa-miR-491-3p,51350
hsa-miR-491-3p,51582
hsa-miR-491-3p,51046
hsa-miR-491-3p,51050
hsa-miR-491-3p,51361
hsa-miR-491-3p,51608
hsa-miR-491-3p,26191
hsa-miR-491-3p,51100
hsa-miR-491-3p,51465
hsa-miR-491-3p,51115
hsa-miR-491-3p,50999
hsa-miR-491-3p,51012
hsa-miR-491-3p,51003
hsa-miR-491-3p,51026
hsa-miR-491-3p,51029
hsa-miR-491-3p,23022
hsa-miR-491-3p,10179
hsa-miR-491-3p,51663
hsa-miR-491-3p,51390
hsa-miR-491-3p,51130
hsa-miR-491-3p,10890
hsa-miR-491-3p,50804
hsa-miR-491-3p,51143
hsa-miR-491-3p,51144
hsa-miR-491-3p,55968
hsa-miR-491-3p,389136
hsa-miR-491-3p,51696
hsa-miR-491-3p,51429
hsa-miR-491-3p,51439
hsa-miR-491-3p,51176
hsa-miR-491-3p,50808
hsa-miR-491-3p,51454
hsa-miR-491-3p,51552
hsa-miR-491-3p,51194
hsa-miR-491-3p,28231
hsa-miR-491-3p,50805
hsa-miR-491-3p,51475
hsa-miR-491-3p,51479
hsa-miR-491-3p,51495
hsa-miR-491-3p,51496
hsa-miR-491-3p,51747
hsa-miR-491-3p,51512
hsa-miR-491-3p,51232
hsa-miR-491-3p,51534
hsa-miR-491-3p,51535
hsa-miR-491-3p,51759
hsa-miR-491-3p,51761
hsa-miR-491-3p,51762
hsa-miR-491-3p,51768
hsa-miR-491-3p,29893
hsa-miR-491-3p,51554
hsa-miR-491-3p,51302
hsa-miR-491-3p,51566
hsa-miR-491-3p,51309
hsa-miR-491-3p,51314
hsa-miR-491-3p,51334
hsa-miR-491-3p,51340
hsa-miR-491-3p,50937
hsa-miR-491-3p,26280
hsa-miR-491-3p,53371
hsa-miR-491-3p,54103
hsa-miR-491-3p,1576
hsa-miR-491-3p,55556
hsa-miR-491-3p,55573
hsa-miR-491-3p,54778
hsa-miR-491-3p,54790
hsa-miR-491-3p,192670
hsa-miR-491-3p,55601
hsa-miR-491-3p,55603
hsa-miR-491-3p,54793
hsa-miR-491-3p,54796
hsa-miR-491-3p,54799
hsa-miR-491-3p,54801
hsa-miR-491-3p,54806
hsa-miR-491-3p,54809
hsa-miR-491-3p,54813
hsa-miR-491-3p,54815
hsa-miR-491-3p,140803
hsa-miR-491-3p,54830
hsa-miR-491-3p,54831
hsa-miR-491-3p,54841
hsa-miR-491-3p,54878
hsa-miR-491-3p,55628
hsa-miR-491-3p,54890
hsa-miR-491-3p,54891
hsa-miR-491-3p,55629
hsa-miR-491-3p,54893
hsa-miR-491-3p,55632
hsa-miR-491-3p,54898
hsa-miR-491-3p,55634
hsa-miR-491-3p,114884
hsa-miR-491-3p,54916
hsa-miR-491-3p,54928
hsa-miR-491-3p,54951
hsa-miR-491-3p,55654
hsa-miR-491-3p,54978
hsa-miR-491-3p,54986
hsa-miR-491-3p,54994
hsa-miR-491-3p,55662
hsa-miR-491-3p,55008
hsa-miR-491-3p,55014
hsa-miR-491-3p,55034
hsa-miR-491-3p,55680
hsa-miR-491-3p,55681
hsa-miR-491-3p,55066
hsa-miR-491-3p,55090
hsa-miR-491-3p,55092
hsa-miR-491-3p,55691
hsa-miR-491-3p,114876
hsa-miR-491-3p,55109
hsa-miR-491-3p,55112
hsa-miR-491-3p,55117
hsa-miR-491-3p,54707
hsa-miR-491-3p,55128
hsa-miR-491-3p,55137
hsa-miR-491-3p,55716
hsa-miR-491-3p,55719
hsa-miR-491-3p,55165
hsa-miR-491-3p,55166
hsa-miR-491-3p,55167
hsa-miR-491-3p,55173
hsa-miR-491-3p,55193
hsa-miR-491-3p,55195
hsa-miR-491-3p,55200
hsa-miR-491-3p,55204
hsa-miR-491-3p,55213
hsa-miR-491-3p,55739
hsa-miR-491-3p,55745
hsa-miR-491-3p,55239
hsa-miR-491-3p,55754
hsa-miR-491-3p,55276
hsa-miR-491-3p,55279
hsa-miR-491-3p,55296
hsa-miR-491-3p,55304
hsa-miR-491-3p,55312
hsa-miR-491-3p,55314
hsa-miR-491-3p,55326
hsa-miR-491-3p,54665
hsa-miR-491-3p,55331
hsa-miR-491-3p,55789
hsa-miR-491-3p,55332
hsa-miR-491-3p,54664
hsa-miR-491-3p,55796
hsa-miR-491-3p,55347
hsa-miR-491-3p,55802
hsa-miR-491-3p,55805
hsa-miR-491-3p,55364
hsa-miR-491-3p,55824
hsa-miR-491-3p,729515
hsa-miR-491-3p,55860
hsa-miR-491-3p,55379
hsa-miR-491-3p,55454
hsa-miR-491-3p,55500
hsa-miR-491-3p,4139
hsa-miR-491-3p,55892
hsa-miR-491-3p,3773
hsa-miR-491-3p,55512
hsa-miR-491-3p,55915
hsa-miR-491-3p,55917
hsa-miR-491-3p,55532
hsa-miR-491-3p,50604
hsa-miR-491-3p,56123
hsa-miR-491-3p,56122
hsa-miR-491-3p,56130
hsa-miR-491-3p,56129
hsa-miR-491-3p,27115
hsa-miR-491-3p,3206
hsa-miR-491-3p,23742
hsa-miR-491-3p,54439
hsa-miR-491-3p,54462
hsa-miR-491-3p,54471
hsa-miR-491-3p,84172
hsa-miR-491-3p,54510
hsa-miR-491-3p,54517
hsa-miR-491-3p,54520
hsa-miR-491-3p,54534
hsa-miR-491-3p,54554
hsa-miR-491-3p,54575
hsa-miR-491-3p,54576
hsa-miR-491-3p,54577
hsa-miR-491-3p,54579
hsa-miR-491-3p,54602
hsa-miR-491-3p,54622
hsa-miR-491-3p,54626
hsa-miR-491-3p,54659
hsa-miR-491-3p,11163
hsa-miR-491-3p,56180
hsa-miR-491-3p,56261
hsa-miR-491-3p,3363
hsa-miR-491-3p,56655
hsa-miR-491-3p,3118
hsa-miR-491-3p,56776
hsa-miR-491-3p,56888
hsa-miR-491-3p,56832
hsa-miR-491-3p,56892
hsa-miR-491-3p,56895
hsa-miR-491-3p,56902
hsa-miR-491-3p,56903
hsa-miR-491-3p,56910
hsa-miR-491-3p,56929
hsa-miR-491-3p,26504
hsa-miR-491-3p,56985
hsa-miR-491-3p,10060
hsa-miR-491-3p,57182
hsa-miR-491-3p,57144
hsa-miR-491-3p,57181
hsa-miR-491-3p,57084
hsa-miR-491-3p,57088
hsa-miR-491-3p,57054
hsa-miR-491-3p,56648
hsa-miR-491-3p,57119
hsa-miR-491-3p,57126
hsa-miR-491-3p,57132
hsa-miR-491-3p,57135
hsa-miR-491-3p,89796
hsa-miR-491-3p,57184
hsa-miR-491-3p,57226
hsa-miR-491-3p,2589
hsa-miR-491-3p,8074
hsa-miR-491-3p,54165
hsa-miR-491-3p,26063
hsa-miR-491-3p,3788
hsa-miR-491-3p,57474
hsa-miR-491-3p,57494
hsa-miR-491-3p,57511
hsa-miR-491-3p,57512
hsa-miR-491-3p,57515
hsa-miR-491-3p,57520
hsa-miR-491-3p,57532
hsa-miR-491-3p,57534
hsa-miR-491-3p,57538
hsa-miR-491-3p,57541
hsa-miR-491-3p,57542
hsa-miR-491-3p,57546
hsa-miR-491-3p,57547
hsa-miR-491-3p,57552
hsa-miR-491-3p,57554
hsa-miR-491-3p,57556
hsa-miR-491-3p,57561
hsa-miR-491-3p,57585
hsa-miR-491-3p,57586
hsa-miR-491-3p,57608
hsa-miR-491-3p,57616
hsa-miR-491-3p,80031
hsa-miR-491-3p,57624
hsa-miR-491-3p,57646
hsa-miR-491-3p,57669
hsa-miR-491-3p,57670
hsa-miR-491-3p,57674
hsa-miR-491-3p,57677
hsa-miR-491-3p,57679
hsa-miR-491-3p,57687
hsa-miR-491-3p,57695
hsa-miR-491-3p,366
hsa-miR-491-3p,54600
hsa-miR-491-3p,57169
hsa-miR-491-3p,4154
hsa-miR-491-3p,8331
hsa-miR-491-3p,7504
hsa-miR-491-3p,9054
hsa-miR-491-3p,5359
hsa-miR-491-3p,5532
hsa-miR-491-3p,6252
hsa-miR-491-3p,7520
hsa-miR-491-3p,9988
hsa-miR-491-3p,57786
hsa-miR-491-3p,57826
hsa-miR-491-3p,58158
hsa-miR-491-3p,7779
hsa-miR-491-3p,58490
hsa-miR-491-3p,56658
hsa-miR-491-3p,57161
hsa-miR-491-3p,59340
hsa-miR-491-3p,59345
hsa-miR-491-3p,59349
hsa-miR-491-3p,59351
hsa-miR-491-3p,60313
hsa-miR-491-3p,28951
hsa-miR-491-3p,5015
hsa-miR-491-3p,60468
hsa-miR-491-3p,60482
hsa-miR-491-3p,60492
hsa-miR-491-3p,56652
hsa-miR-491-3p,1073
hsa-miR-491-3p,60558
hsa-miR-491-3p,60686
hsa-miR-491-3p,931
hsa-miR-491-3p,2700
hsa-miR-491-3p,3306
hsa-miR-491-3p,10802
hsa-miR-491-3p,11179
hsa-miR-491-3p,53944
hsa-miR-491-3p,54112
hsa-miR-491-3p,63877
hsa-miR-491-3p,29956
hsa-miR-491-3p,10973
hsa-miR-491-3p,63923
hsa-miR-491-3p,63939
hsa-miR-491-3p,64067
hsa-miR-491-3p,64087
hsa-miR-491-3p,64089
hsa-miR-491-3p,64094
hsa-miR-491-3p,64105
hsa-miR-491-3p,64131
hsa-miR-491-3p,64167
hsa-miR-491-3p,64168
hsa-miR-491-3p,64225
hsa-miR-491-3p,64327
hsa-miR-491-3p,64343
hsa-miR-491-3p,64375
hsa-miR-491-3p,64398
hsa-miR-491-3p,64399
hsa-miR-491-3p,64418
hsa-miR-491-3p,64422
hsa-miR-491-3p,64432
hsa-miR-491-3p,64757
hsa-miR-491-3p,64771
hsa-miR-491-3p,64785
hsa-miR-491-3p,64792
hsa-miR-491-3p,64853
hsa-miR-491-3p,64866
hsa-miR-491-3p,64901
hsa-miR-491-3p,65083
hsa-miR-491-3p,65108
hsa-miR-491-3p,65244
hsa-miR-491-3p,65250
hsa-miR-491-3p,65251
hsa-miR-491-3p,65264
hsa-miR-491-3p,1879
hsa-miR-491-3p,78996
hsa-miR-491-3p,79054
hsa-miR-491-3p,79149
hsa-miR-491-3p,79269
hsa-miR-491-3p,4853
hsa-miR-491-3p,79591
hsa-miR-491-3p,79614
hsa-miR-491-3p,79622
hsa-miR-491-3p,79628
hsa-miR-491-3p,79639
hsa-miR-491-3p,79645
hsa-miR-491-3p,79660
hsa-miR-491-3p,79677
hsa-miR-491-3p,79679
hsa-miR-491-3p,84561
hsa-miR-491-3p,79689
hsa-miR-491-3p,79692
hsa-miR-491-3p,79699
hsa-miR-491-3p,79718
hsa-miR-491-3p,79738
hsa-miR-491-3p,79751
hsa-miR-491-3p,79768
hsa-miR-491-3p,79776
hsa-miR-491-3p,79794
hsa-miR-491-3p,79799
hsa-miR-491-3p,79801
hsa-miR-491-3p,79817
hsa-miR-491-3p,79818
hsa-miR-491-3p,79828
hsa-miR-491-3p,79840
hsa-miR-491-3p,79853
hsa-miR-491-3p,79875
hsa-miR-491-3p,79876
hsa-miR-491-3p,79882
hsa-miR-491-3p,79892
hsa-miR-491-3p,79912
hsa-miR-491-3p,79939
hsa-miR-491-3p,79944
hsa-miR-491-3p,79947
hsa-miR-491-3p,79959
hsa-miR-491-3p,140578
hsa-miR-491-3p,80018
hsa-miR-491-3p,80055
hsa-miR-491-3p,23276
hsa-miR-491-3p,259217
hsa-miR-491-3p,80095
hsa-miR-491-3p,80124
hsa-miR-491-3p,80129
hsa-miR-491-3p,80135
hsa-miR-491-3p,80146
hsa-miR-491-3p,80205
hsa-miR-491-3p,80221
hsa-miR-491-3p,80267
hsa-miR-491-3p,23405
hsa-miR-491-3p,80313
hsa-miR-491-3p,80315
hsa-miR-491-3p,80830
hsa-miR-491-3p,80853
hsa-miR-491-3p,80863
hsa-miR-491-3p,81542
hsa-miR-491-3p,79365
hsa-miR-491-3p,81027
hsa-miR-491-3p,81285
hsa-miR-491-3p,81034
hsa-miR-491-3p,81537
hsa-miR-491-3p,81553
hsa-miR-491-3p,81555
hsa-miR-491-3p,81563
hsa-miR-491-3p,81573
hsa-miR-491-3p,81575
hsa-miR-491-3p,81609
hsa-miR-491-3p,114899
hsa-miR-491-3p,81928
hsa-miR-491-3p,56154
hsa-miR-491-3p,83416
hsa-miR-491-3p,83544
hsa-miR-491-3p,83591
hsa-miR-491-3p,83594
hsa-miR-491-3p,83595
hsa-miR-491-3p,83604
hsa-miR-491-3p,83690
hsa-miR-491-3p,83699
hsa-miR-491-3p,28981
hsa-miR-491-3p,64689
hsa-miR-491-3p,114905
hsa-miR-491-3p,83879
hsa-miR-491-3p,83884
hsa-miR-491-3p,83989
hsa-miR-491-3p,84072
hsa-miR-491-3p,84078
hsa-miR-491-3p,92126
hsa-miR-491-3p,84141
hsa-miR-491-3p,84168
hsa-miR-491-3p,26057
hsa-miR-491-3p,84188
hsa-miR-491-3p,84236
hsa-miR-491-3p,84240
hsa-miR-491-3p,84246
hsa-miR-491-3p,84256
hsa-miR-491-3p,84273
hsa-miR-491-3p,84296
hsa-miR-491-3p,84307
hsa-miR-491-3p,84333
hsa-miR-491-3p,84451
hsa-miR-491-3p,84458
hsa-miR-491-3p,84465
hsa-miR-491-3p,200014
hsa-miR-491-3p,5099
hsa-miR-491-3p,84295
hsa-miR-491-3p,444
hsa-miR-491-3p,84541
hsa-miR-491-3p,84572
hsa-miR-491-3p,84641
hsa-miR-491-3p,84665
hsa-miR-491-3p,84690
hsa-miR-491-3p,84816
hsa-miR-491-3p,144453
hsa-miR-491-3p,84824
hsa-miR-491-3p,84851
hsa-miR-491-3p,84869
hsa-miR-491-3p,84883
hsa-miR-491-3p,84890
hsa-miR-491-3p,84897
hsa-miR-491-3p,84930
hsa-miR-491-3p,84955
hsa-miR-491-3p,84959
hsa-miR-491-3p,7551
hsa-miR-491-3p,85013
hsa-miR-491-3p,57575
hsa-miR-491-3p,27328
hsa-miR-491-3p,83259
hsa-miR-491-3p,85480
hsa-miR-491-3p,64645
hsa-miR-491-3p,84675
hsa-miR-491-3p,85479
hsa-miR-491-3p,85569
hsa-miR-491-3p,85407
hsa-miR-491-3p,5814
hsa-miR-491-3p,373
hsa-miR-491-3p,10595
hsa-miR-491-3p,94241
hsa-miR-491-3p,90417
hsa-miR-491-3p,93621
hsa-miR-491-3p,4241
hsa-miR-491-3p,3845
hsa-miR-491-3p,83992
hsa-miR-491-3p,113835
hsa-miR-491-3p,3113
hsa-miR-491-3p,10107
hsa-miR-491-3p,115111
hsa-miR-491-3p,90627
hsa-miR-491-3p,113251
hsa-miR-491-3p,114134
hsa-miR-491-3p,114795
hsa-miR-491-3p,114805
hsa-miR-491-3p,114908
hsa-miR-491-3p,115201
hsa-miR-491-3p,116496
hsa-miR-491-3p,91074
hsa-miR-491-3p,85460
hsa-miR-491-3p,595
hsa-miR-491-3p,117157
hsa-miR-491-3p,56172
hsa-miR-491-3p,80155
hsa-miR-491-3p,118429
hsa-miR-491-3p,1031
hsa-miR-491-3p,23446
hsa-miR-491-3p,140707
hsa-miR-491-3p,91543
hsa-miR-491-3p,113829
hsa-miR-491-3p,140883
hsa-miR-491-3p,11083
hsa-miR-491-3p,140886
hsa-miR-491-3p,140901
hsa-miR-491-3p,122809
hsa-miR-491-3p,142679
hsa-miR-491-3p,1859
hsa-miR-491-3p,129684
hsa-miR-491-3p,154810
hsa-miR-491-3p,10128
hsa-miR-491-3p,147686
hsa-miR-491-3p,171024
hsa-miR-491-3p,148867
hsa-miR-491-3p,51776
hsa-miR-491-3p,115019
hsa-miR-491-3p,5893
hsa-miR-491-3p,148213
hsa-miR-491-3p,90268
hsa-miR-491-3p,92935
hsa-miR-491-3p,92979
hsa-miR-491-3p,64434
hsa-miR-491-3p,113263
hsa-miR-491-3p,114926
hsa-miR-491-3p,115207
hsa-miR-491-3p,115761
hsa-miR-491-3p,116150
hsa-miR-491-3p,127253
hsa-miR-491-3p,130026
hsa-miR-491-3p,5314
hsa-miR-491-3p,139599
hsa-miR-491-3p,3017
hsa-miR-491-3p,145282
hsa-miR-491-3p,91137
hsa-miR-491-3p,115548
hsa-miR-491-3p,129642
hsa-miR-491-3p,81839
hsa-miR-491-3p,3747
hsa-miR-491-3p,134430
hsa-miR-491-3p,246213
hsa-miR-491-3p,118663
hsa-miR-491-3p,123606
hsa-miR-491-3p,130827
hsa-miR-491-3p,132204
hsa-miR-491-3p,146857
hsa-miR-491-3p,160518
hsa-miR-491-3p,166863
hsa-miR-491-3p,196740
hsa-miR-491-3p,219670
hsa-miR-491-3p,221409
hsa-miR-491-3p,91775
hsa-miR-491-3p,221785
hsa-miR-491-3p,93517
hsa-miR-491-3p,143187
hsa-miR-491-3p,166378
hsa-miR-491-3p,124995
hsa-miR-491-3p,132671
hsa-miR-491-3p,133957
hsa-miR-491-3p,159090
hsa-miR-491-3p,246269
hsa-miR-491-3p,121260
hsa-miR-491-3p,252884
hsa-miR-491-3p,259230
hsa-miR-491-3p,8648
hsa-miR-491-3p,91445
hsa-miR-491-3p,92104
hsa-miR-491-3p,92181
hsa-miR-491-3p,23208
hsa-miR-491-3p,56983
hsa-miR-491-3p,121506
hsa-miR-491-3p,127396
hsa-miR-491-3p,130535
hsa-miR-491-3p,132332
hsa-miR-491-3p,134553
hsa-miR-491-3p,138009
hsa-miR-491-3p,138050
hsa-miR-491-3p,144348
hsa-miR-491-3p,146050
hsa-miR-491-3p,147949
hsa-miR-491-3p,149465
hsa-miR-491-3p,150280
hsa-miR-491-3p,150290
hsa-miR-491-3p,151246
hsa-miR-491-3p,152002
hsa-miR-491-3p,154007
hsa-miR-491-3p,154743
hsa-miR-491-3p,158055
hsa-miR-491-3p,728911
hsa-miR-491-3p,161742
hsa-miR-491-3p,163859
hsa-miR-491-3p,166379
hsa-miR-491-3p,170082
hsa-miR-491-3p,196074
hsa-miR-491-3p,199870
hsa-miR-491-3p,140838
hsa-miR-491-3p,201799
hsa-miR-491-3p,154664
hsa-miR-491-3p,221294
hsa-miR-491-3p,221477
hsa-miR-491-3p,3205
hsa-miR-491-3p,253260
hsa-miR-491-3p,256130
hsa-miR-491-3p,129787
hsa-miR-491-3p,64231
hsa-miR-491-3p,160851
hsa-miR-491-3p,221662
hsa-miR-491-3p,9683
hsa-miR-491-3p,118738
hsa-miR-491-3p,151278
hsa-miR-491-3p,144811
hsa-miR-491-3p,27031
hsa-miR-491-3p,255919
hsa-miR-491-3p,133121
hsa-miR-491-3p,139105
hsa-miR-491-3p,163049
hsa-miR-491-3p,266722
hsa-miR-491-3p,131544
hsa-miR-491-3p,153222
hsa-miR-491-3p,162239
hsa-miR-491-3p,195827
hsa-miR-491-3p,143888
hsa-miR-491-3p,254228
hsa-miR-491-3p,150465
hsa-miR-491-3p,2121
hsa-miR-491-3p,266812
hsa-miR-491-3p,148479
hsa-miR-491-3p,200407
hsa-miR-491-3p,221188
hsa-miR-491-3p,116966
hsa-miR-491-3p,116442
hsa-miR-491-3p,149041
hsa-miR-491-3p,817
hsa-miR-491-3p,286826
hsa-miR-491-3p,317649
hsa-miR-491-3p,92597
hsa-miR-491-3p,139411
hsa-miR-491-3p,148753
hsa-miR-491-3p,150864
hsa-miR-491-3p,162681
hsa-miR-491-3p,2565
hsa-miR-491-3p,200558
hsa-miR-491-3p,201292
hsa-miR-491-3p,254048
hsa-miR-491-3p,283078
hsa-miR-491-3p,283209
hsa-miR-491-3p,283455
hsa-miR-491-3p,146177
hsa-miR-491-3p,284076
hsa-miR-491-3p,284309
hsa-miR-491-3p,284716
hsa-miR-491-3p,285195
hsa-miR-491-3p,286046
hsa-miR-491-3p,128977
hsa-miR-491-3p,257194
hsa-miR-491-3p,283417
hsa-miR-491-3p,285282
hsa-miR-491-3p,285521
hsa-miR-491-3p,286128
hsa-miR-491-3p,171484
hsa-miR-491-3p,283576
hsa-miR-491-3p,317761
hsa-miR-491-3p,221895
hsa-miR-491-3p,162998
hsa-miR-491-3p,285636
hsa-miR-491-3p,202243
hsa-miR-491-3p,338323
hsa-miR-491-3p,55212
hsa-miR-491-3p,64236
hsa-miR-491-3p,23673
hsa-miR-491-3p,166824
hsa-miR-491-3p,55766
hsa-miR-491-3p,347731
hsa-miR-491-3p,349565
hsa-miR-491-3p,123872
hsa-miR-491-3p,159963
hsa-miR-491-3p,338811
hsa-miR-491-3p,92140
hsa-miR-491-3p,201164
hsa-miR-491-3p,204219
hsa-miR-491-3p,204851
hsa-miR-491-3p,339829
hsa-miR-491-3p,5295
hsa-miR-491-3p,144347
hsa-miR-491-3p,255104
hsa-miR-491-3p,285641
hsa-miR-491-3p,353500
hsa-miR-491-3p,347902
hsa-miR-491-3p,7323
hsa-miR-491-3p,132864
hsa-miR-491-3p,219333
hsa-miR-491-3p,148206
hsa-miR-491-3p,285175
hsa-miR-491-3p,348094
hsa-miR-491-3p,23236
hsa-miR-491-3p,256764
hsa-miR-491-3p,346389
hsa-miR-491-3p,51095
hsa-miR-491-3p,55027
hsa-miR-491-3p,284695
hsa-miR-491-3p,220988
hsa-miR-491-3p,137075
hsa-miR-491-3p,144108
hsa-miR-491-3p,157378
hsa-miR-491-3p,347240
hsa-miR-491-3p,145173
hsa-miR-491-3p,2054
hsa-miR-491-3p,64841
hsa-miR-491-3p,256380
hsa-miR-491-3p,440295
hsa-miR-491-3p,386618
hsa-miR-491-3p,139628
hsa-miR-491-3p,163351
hsa-miR-491-3p,164832
hsa-miR-491-3p,203447
hsa-miR-491-3p,285386
hsa-miR-491-3p,343450
hsa-miR-491-3p,375323
hsa-miR-491-3p,375567
hsa-miR-491-3p,377677
hsa-miR-491-3p,5733
hsa-miR-491-3p,31
hsa-miR-491-3p,166336
hsa-miR-491-3p,222236
hsa-miR-491-3p,341359
hsa-miR-491-3p,387338
hsa-miR-491-3p,113622
hsa-miR-491-3p,375298
hsa-miR-491-3p,9534
hsa-miR-491-3p,389677
hsa-miR-491-3p,389434
hsa-miR-491-3p,403314
hsa-miR-491-3p,253782
hsa-miR-491-3p,387837
hsa-miR-491-3p,388536
hsa-miR-491-3p,5918
hsa-miR-491-3p,254827
hsa-miR-491-3p,91373
hsa-miR-491-3p,139562
hsa-miR-491-3p,142827
hsa-miR-491-3p,341640
hsa-miR-491-3p,346288
hsa-miR-491-3p,387694
hsa-miR-491-3p,388759
hsa-miR-491-3p,389114
hsa-miR-491-3p,389197
hsa-miR-491-3p,389610
hsa-miR-491-3p,389690
hsa-miR-491-3p,400591
hsa-miR-491-3p,400823
hsa-miR-491-3p,400830
hsa-miR-491-3p,57188
hsa-miR-491-3p,399947
hsa-miR-491-3p,399818
hsa-miR-491-3p,65059
cfa-miR-338,56257
hsa-miR-548d-5p,55765
hsa-miR-548d-5p,64645
hsa-miR-548d-5p,121260
hsa-miR-548d-5p,254251
hsa-miR-429,355
hsa-miR-429,1285
hsa-miR-429,1836
hsa-miR-429,2235
hsa-miR-429,2737
hsa-miR-429,3099
hsa-miR-429,3423
hsa-miR-429,3690
hsa-miR-429,3730
hsa-miR-429,4153
hsa-miR-429,4286
hsa-miR-429,4534
hsa-miR-429,5727
hsa-miR-429,4763
hsa-miR-429,4867
hsa-miR-429,5728
hsa-miR-429,5828
hsa-miR-429,846
hsa-miR-429,1290
hsa-miR-429,3141
hsa-miR-429,5019
hsa-miR-429,7068
hsa-miR-429,6891
hsa-miR-429,7428
hsa-miR-429,3440
hsa-miR-429,624
hsa-miR-429,18
hsa-miR-429,1141
hsa-miR-429,1392
hsa-miR-429,3352
hsa-miR-429,3355
hsa-miR-429,3358
hsa-miR-429,5352
hsa-miR-429,5734
hsa-miR-429,490
hsa-miR-429,4090
hsa-miR-429,414301
hsa-miR-429,401505
hsa-miR-429,861
hsa-miR-429,253558
hsa-miR-429,51010
hsa-miR-429,51125
hsa-miR-429,127254
hsa-miR-429,3184
hsa-miR-429,339184
hsa-miR-429,388335
hsa-miR-429,389421
hsa-miR-429,388403
hsa-miR-429,345557
hsa-miR-429,9807
hsa-miR-429,57539
hsa-miR-429,84456
hsa-miR-429,283726
hsa-miR-429,120114
hsa-miR-429,8451
hsa-miR-429,205717
hsa-miR-429,163404
hsa-miR-429,345778
hsa-miR-429,83932
hsa-miR-429,84248
hsa-miR-429,84108
hsa-miR-429,9586
hsa-miR-429,29789
hsa-miR-429,283768
hsa-miR-429,390535
hsa-miR-429,339324
hsa-miR-429,139886
hsa-miR-429,401548
hsa-miR-429,401720
hsa-miR-429,441108
hsa-miR-429,55578
hsa-miR-429,84056
hsa-miR-429,56956
hsa-miR-429,3776
hsa-miR-429,83698
hsa-miR-429,11244
hsa-miR-429,4515
hsa-miR-429,22797
hsa-miR-429,440270
hsa-miR-429,83877
hsa-miR-429,10777
hsa-miR-429,7422
hsa-miR-429,23543
hsa-miR-429,1456
hsa-miR-429,7020
hsa-miR-429,7071
hsa-miR-429,619208
hsa-miR-429,7073
hsa-miR-429,114299
hsa-miR-429,6322
hsa-miR-429,56882
hsa-miR-429,6326
hsa-miR-429,55800
hsa-miR-429,64282
hsa-miR-429,54545
hsa-miR-429,54511
hsa-miR-429,8001
hsa-miR-429,64756
hsa-miR-429,25936
hsa-miR-429,10818
hsa-miR-429,2066
hsa-miR-429,23155
hsa-miR-429,90161
hsa-miR-429,57337
hsa-miR-429,9767
hsa-miR-429,8933
hsa-miR-429,51339
hsa-miR-429,54940
hsa-miR-429,11155
hsa-miR-429,10052
hsa-miR-429,23514
hsa-miR-429,728215
hsa-miR-429,1763
hsa-miR-429,4645
hsa-miR-429,84747
hsa-miR-429,23210
hsa-miR-429,6328
hsa-miR-429,25817
hsa-miR-429,55259
hsa-miR-429,8654
hsa-miR-429,23253
hsa-miR-429,285268
hsa-miR-429,221395
hsa-miR-429,51528
hsa-miR-429,645090
hsa-miR-429,124808
hsa-miR-429,55313
hsa-miR-429,57604
hsa-miR-429,116064
hsa-miR-429,9749
hsa-miR-429,54149
hsa-miR-429,26010
hsa-miR-429,23366
hsa-miR-429,25843
hsa-miR-429,100113407
hsa-miR-429,29099
hsa-miR-429,7763
hsa-miR-429,4908
hsa-miR-429,26058
hsa-miR-429,55186
hsa-miR-429,205147
hsa-miR-429,57526
hsa-miR-429,51474
hsa-miR-429,25917
hsa-miR-429,8503
hsa-miR-429,1075
hsa-miR-429,115
hsa-miR-429,3052
hsa-miR-429,8653
hsa-miR-429,167691
hsa-miR-429,267
hsa-miR-429,288
hsa-miR-429,314
hsa-miR-429,658
hsa-miR-429,687
hsa-miR-429,890
hsa-miR-429,1501
hsa-miR-429,1964
hsa-miR-429,1967
hsa-miR-429,2104
hsa-miR-429,2294
hsa-miR-429,2295
hsa-miR-429,3622
hsa-miR-429,506
hsa-miR-429,655
hsa-miR-429,857
hsa-miR-429,1039
hsa-miR-429,1288
hsa-miR-429,1317
hsa-miR-429,1828
hsa-miR-429,2308
hsa-miR-429,2334
hsa-miR-429,2745
hsa-miR-429,2805
hsa-miR-429,3111
hsa-miR-429,3131
hsa-miR-429,3398
hsa-miR-429,3685
hsa-miR-429,3915
hsa-miR-429,3930
hsa-miR-429,3977
hsa-miR-429,4035
hsa-miR-429,4082
hsa-miR-429,4148
hsa-miR-429,4232
hsa-miR-429,4692
hsa-miR-429,4800
hsa-miR-429,4857
hsa-miR-429,4884
hsa-miR-429,4950
hsa-miR-429,5069
hsa-miR-429,5089
hsa-miR-429,5203
hsa-miR-429,5372
hsa-miR-429,5500
hsa-miR-429,5511
hsa-miR-429,5515
hsa-miR-429,5519
hsa-miR-429,5567
hsa-miR-429,5584
hsa-miR-429,5601
hsa-miR-429,5744
hsa-miR-429,5782
hsa-miR-429,5803
hsa-miR-429,5818
hsa-miR-429,5877
hsa-miR-429,5899
hsa-miR-429,5954
hsa-miR-429,5983
hsa-miR-429,6272
hsa-miR-429,6455
hsa-miR-429,6529
hsa-miR-429,6616
hsa-miR-429,6635
hsa-miR-429,6657
hsa-miR-429,6717
hsa-miR-429,6722
hsa-miR-429,7013
hsa-miR-429,7077
hsa-miR-429,7292
hsa-miR-429,7320
hsa-miR-429,7321
hsa-miR-429,7327
hsa-miR-429,7357
hsa-miR-429,7529
hsa-miR-429,7544
hsa-miR-429,7752
hsa-miR-429,8323
hsa-miR-429,8396
hsa-miR-429,8452
hsa-miR-429,8458
hsa-miR-429,8491
hsa-miR-429,8500
hsa-miR-429,8505
hsa-miR-429,8562
hsa-miR-429,8660
hsa-miR-429,8731
hsa-miR-429,8760
hsa-miR-429,2494
hsa-miR-429,8776
hsa-miR-429,8790
hsa-miR-429,8826
hsa-miR-429,8850
hsa-miR-429,8899
hsa-miR-429,8939
hsa-miR-429,9037
hsa-miR-429,1015
hsa-miR-429,1027
hsa-miR-429,1965
hsa-miR-429,2151
hsa-miR-429,2764
hsa-miR-429,3313
hsa-miR-429,6405
hsa-miR-429,9319
hsa-miR-429,9512
hsa-miR-429,734
hsa-miR-429,1960
hsa-miR-429,1993
hsa-miR-429,2043
hsa-miR-429,3192
hsa-miR-429,3267
hsa-miR-429,5723
hsa-miR-429,6804
hsa-miR-429,9068
hsa-miR-429,9107
hsa-miR-429,9113
hsa-miR-429,9140
hsa-miR-429,9169
hsa-miR-429,9194
hsa-miR-429,9228
hsa-miR-429,9480
hsa-miR-429,9495
hsa-miR-429,9513
hsa-miR-429,9517
hsa-miR-429,9530
hsa-miR-429,5358
hsa-miR-429,5649
hsa-miR-429,5927
hsa-miR-429,6400
hsa-miR-429,9969
hsa-miR-429,157
hsa-miR-429,225
hsa-miR-429,761
hsa-miR-429,867
hsa-miR-429,941
hsa-miR-429,1399
hsa-miR-429,2004
hsa-miR-429,2113
hsa-miR-429,2669
hsa-miR-429,2672
hsa-miR-429,4613
hsa-miR-429,5565
hsa-miR-429,7525
hsa-miR-429,9406
hsa-miR-429,10008
hsa-miR-429,10046
hsa-miR-429,19
hsa-miR-429,2960
hsa-miR-429,3460
hsa-miR-429,3612
hsa-miR-429,6883
hsa-miR-429,6999
hsa-miR-429,7993
hsa-miR-429,10111
hsa-miR-429,10160
hsa-miR-429,10186
hsa-miR-429,23683
hsa-miR-429,10225
hsa-miR-429,10234
hsa-miR-429,10238
hsa-miR-429,10254
hsa-miR-429,10299
hsa-miR-429,4076
hsa-miR-429,4217
hsa-miR-429,6656
hsa-miR-429,6793
hsa-miR-429,7257
hsa-miR-429,8842
hsa-miR-429,10314
hsa-miR-429,10392
hsa-miR-429,10413
hsa-miR-429,5179
hsa-miR-429,5504
hsa-miR-429,5509
hsa-miR-429,5563
hsa-miR-429,5593
hsa-miR-429,6789
hsa-miR-429,6867
hsa-miR-429,7745
hsa-miR-429,8243
hsa-miR-429,9958
hsa-miR-429,10409
hsa-miR-429,10425
hsa-miR-429,10538
hsa-miR-429,10605
hsa-miR-429,7764
hsa-miR-429,8202
hsa-miR-429,10642
hsa-miR-429,10672
hsa-miR-429,11183
hsa-miR-429,10690
hsa-miR-429,10767
hsa-miR-429,10846
hsa-miR-429,10910
hsa-miR-429,10927
hsa-miR-429,11031
hsa-miR-429,6526
hsa-miR-429,6782
hsa-miR-429,11052
hsa-miR-429,11082
hsa-miR-429,11149
hsa-miR-429,7110
hsa-miR-429,7871
hsa-miR-429,11193
hsa-miR-429,6045
hsa-miR-429,8036
hsa-miR-429,23414
hsa-miR-429,26190
hsa-miR-429,23411
hsa-miR-429,25822
hsa-miR-429,3751
hsa-miR-429,23554
hsa-miR-429,26258
hsa-miR-429,26953
hsa-miR-429,6251
hsa-miR-429,23768
hsa-miR-429,4289
hsa-miR-429,10891
hsa-miR-429,29799
hsa-miR-429,29887
hsa-miR-429,29883
hsa-miR-429,27128
hsa-miR-429,9655
hsa-miR-429,25840
hsa-miR-429,25842
hsa-miR-429,25978
hsa-miR-429,57496
hsa-miR-429,29035
hsa-miR-429,26047
hsa-miR-429,9508
hsa-miR-429,9693
hsa-miR-429,23413
hsa-miR-429,23592
hsa-miR-429,23657
hsa-miR-429,27072
hsa-miR-429,27125
hsa-miR-429,27244
hsa-miR-429,27288
hsa-miR-429,29970
hsa-miR-429,30834
hsa-miR-429,23190
hsa-miR-429,9650
hsa-miR-429,9685
hsa-miR-429,9706
hsa-miR-429,9728
hsa-miR-429,9748
hsa-miR-429,9801
hsa-miR-429,9813
hsa-miR-429,9815
hsa-miR-429,9819
hsa-miR-429,9824
hsa-miR-429,9839
hsa-miR-429,9849
hsa-miR-429,9852
hsa-miR-429,9856
hsa-miR-429,9867
hsa-miR-429,9897
hsa-miR-429,9899
hsa-miR-429,9920
hsa-miR-429,89795
hsa-miR-429,22841
hsa-miR-429,22848
hsa-miR-429,22875
hsa-miR-429,22878
hsa-miR-429,23047
hsa-miR-429,200576
hsa-miR-429,23063
hsa-miR-429,23071
hsa-miR-429,23074
hsa-miR-429,23091
hsa-miR-429,51755
hsa-miR-429,23143
hsa-miR-429,23150
hsa-miR-429,23158
hsa-miR-429,23168
hsa-miR-429,23179
hsa-miR-429,23187
hsa-miR-429,221981
hsa-miR-429,23250
hsa-miR-429,23258
hsa-miR-429,23262
hsa-miR-429,23336
hsa-miR-429,23369
hsa-miR-429,23390
hsa-miR-429,171023
hsa-miR-429,23398
hsa-miR-429,66036
hsa-miR-429,26034
hsa-miR-429,4976
hsa-miR-429,26046
hsa-miR-429,26052
hsa-miR-429,51050
hsa-miR-429,51592
hsa-miR-429,51616
hsa-miR-429,51377
hsa-miR-429,51465
hsa-miR-429,51012
hsa-miR-429,51018
hsa-miR-429,51388
hsa-miR-429,51163
hsa-miR-429,51426
hsa-miR-429,11215
hsa-miR-429,51438
hsa-miR-429,51439
hsa-miR-429,51444
hsa-miR-429,51347
hsa-miR-429,51742
hsa-miR-429,51762
hsa-miR-429,51278
hsa-miR-429,51768
hsa-miR-429,51562
hsa-miR-429,1576
hsa-miR-429,54764
hsa-miR-429,55591
hsa-miR-429,4851
hsa-miR-429,54790
hsa-miR-429,54819
hsa-miR-429,55609
hsa-miR-429,54830
hsa-miR-429,54841
hsa-miR-429,54878
hsa-miR-429,55626
hsa-miR-429,54886
hsa-miR-429,55629
hsa-miR-429,55631
hsa-miR-429,55668
hsa-miR-429,55038
hsa-miR-429,55680
hsa-miR-429,55088
hsa-miR-429,55691
hsa-miR-429,55113
hsa-miR-429,55137
hsa-miR-429,55145
hsa-miR-429,55717
hsa-miR-429,54662
hsa-miR-429,55256
hsa-miR-429,55285
hsa-miR-429,55291
hsa-miR-429,55294
hsa-miR-429,55300
hsa-miR-429,55785
hsa-miR-429,55327
hsa-miR-429,55359
hsa-miR-429,55854
hsa-miR-429,55858
hsa-miR-429,55860
hsa-miR-429,53353
hsa-miR-429,27087
hsa-miR-429,2055
hsa-miR-429,54439
hsa-miR-429,54469
hsa-miR-429,54471
hsa-miR-429,84172
hsa-miR-429,54557
hsa-miR-429,54622
hsa-miR-429,56916
hsa-miR-429,57054
hsa-miR-429,57050
hsa-miR-429,57103
hsa-miR-429,57135
hsa-miR-429,57226
hsa-miR-429,57488
hsa-miR-429,57491
hsa-miR-429,57512
hsa-miR-429,57534
hsa-miR-429,57587
hsa-miR-429,57590
hsa-miR-429,57606
hsa-miR-429,57608
hsa-miR-429,80031
hsa-miR-429,51199
hsa-miR-429,57685
hsa-miR-429,57700
hsa-miR-429,57720
hsa-miR-429,57722
hsa-miR-429,5366
hsa-miR-429,10793
hsa-miR-429,29968
hsa-miR-429,57786
hsa-miR-429,58478
hsa-miR-429,58515
hsa-miR-429,22931
hsa-miR-429,7982
hsa-miR-429,60675
hsa-miR-429,2700
hsa-miR-429,2998
hsa-miR-429,5239
hsa-miR-429,10802
hsa-miR-429,7335
hsa-miR-429,7552
hsa-miR-429,112399
hsa-miR-429,63967
hsa-miR-429,63976
hsa-miR-429,64089
hsa-miR-429,64145
hsa-miR-429,64149
hsa-miR-429,64168
hsa-miR-429,64318
hsa-miR-429,64786
hsa-miR-429,64844
hsa-miR-429,64858
hsa-miR-429,64864
hsa-miR-429,64866
hsa-miR-429,65084
hsa-miR-429,79072
hsa-miR-429,79084
hsa-miR-429,79159
hsa-miR-429,1825
hsa-miR-429,9050
hsa-miR-429,79607
hsa-miR-429,79780
hsa-miR-429,79837
hsa-miR-429,80012
hsa-miR-429,80014
hsa-miR-429,85476
hsa-miR-429,80110
hsa-miR-429,80208
hsa-miR-429,80255
hsa-miR-429,80267
hsa-miR-429,80335
hsa-miR-429,80704
hsa-miR-429,80312
hsa-miR-429,80856
hsa-miR-429,6935
hsa-miR-429,81542
hsa-miR-429,79365
hsa-miR-429,81607
hsa-miR-429,83591
hsa-miR-429,83604
hsa-miR-429,83641
hsa-miR-429,83879
hsa-miR-429,84002
hsa-miR-429,84206
hsa-miR-429,84243
hsa-miR-429,84465
hsa-miR-429,84295
hsa-miR-429,8907
hsa-miR-429,84684
hsa-miR-429,10430
hsa-miR-429,84851
hsa-miR-429,84912
hsa-miR-429,84986
hsa-miR-429,27328
hsa-miR-429,83259
hsa-miR-429,835
hsa-miR-429,85300
hsa-miR-429,63948
hsa-miR-429,90355
hsa-miR-429,64478
hsa-miR-429,6547
hsa-miR-429,85463
hsa-miR-429,112611
hsa-miR-429,91369
hsa-miR-429,153478
hsa-miR-429,115294
hsa-miR-429,116159
hsa-miR-429,54331
hsa-miR-429,54097
hsa-miR-429,118460
hsa-miR-429,1030
hsa-miR-429,93643
hsa-miR-429,89978
hsa-miR-429,140458
hsa-miR-429,142679
hsa-miR-429,170954
hsa-miR-429,171546
hsa-miR-429,90268
hsa-miR-429,112885
hsa-miR-429,115207
hsa-miR-429,130026
hsa-miR-429,84142
hsa-miR-429,85313
hsa-miR-429,90411
hsa-miR-429,94103
hsa-miR-429,160760
hsa-miR-429,90806
hsa-miR-429,246175
hsa-miR-429,150590
hsa-miR-429,220042
hsa-miR-429,93183
hsa-miR-429,7579
hsa-miR-429,124491
hsa-miR-429,126731
hsa-miR-429,130497
hsa-miR-429,133957
hsa-miR-429,202459
hsa-miR-429,92104
hsa-miR-429,92181
hsa-miR-429,93624
hsa-miR-429,124801
hsa-miR-429,133022
hsa-miR-429,134553
hsa-miR-429,151188
hsa-miR-429,151195
hsa-miR-429,152926
hsa-miR-429,167227
hsa-miR-429,196528
hsa-miR-429,51082
hsa-miR-429,221322
hsa-miR-429,30010
hsa-miR-429,253868
hsa-miR-429,89890
hsa-miR-429,256435
hsa-miR-429,221656
hsa-miR-429,144811
hsa-miR-429,153241
hsa-miR-429,90459
hsa-miR-429,245806
hsa-miR-429,254251
hsa-miR-429,205327
hsa-miR-429,124540
hsa-miR-429,28977
hsa-miR-429,92597
hsa-miR-429,139212
hsa-miR-429,143098
hsa-miR-429,150864
hsa-miR-429,154043
hsa-miR-429,157807
hsa-miR-429,283373
hsa-miR-429,286046
hsa-miR-429,285521
hsa-miR-429,151987
hsa-miR-429,317761
hsa-miR-429,83857
hsa-miR-429,202243
hsa-miR-429,55766
hsa-miR-429,353189
hsa-miR-429,23015
hsa-miR-429,3672
hsa-miR-429,120526
hsa-miR-429,51014
hsa-miR-429,169611
hsa-miR-429,203522
hsa-miR-429,346389
hsa-miR-429,284695
hsa-miR-429,161436
hsa-miR-429,130574
hsa-miR-429,440295
hsa-miR-429,220965
hsa-miR-429,256643
hsa-miR-429,253714
hsa-miR-429,377677
hsa-miR-429,375612
hsa-miR-429,340719
hsa-miR-429,23254
hsa-miR-429,254170
hsa-miR-429,8867
hsa-miR-429,403313
hsa-miR-429,23271
hsa-miR-429,170622
hsa-miR-429,389114
